{"type":"Feature","properties":{"ID_0":105,"ISO":"IND","NAME_0":"India","ID_1":29,"NAME_1":"Rajasthan","NL_NAME_1":"","VARNAME_1":"Greater Rajasthan|Rajputana","TYPE_1":"State","ENGTYPE_1":"State","filename":"","filename_1":"","filename_2":"","filename_3":"","filename_4":""},"geometry":{"type":"Polygon","coordinates":[[[73.889442,29.97761],[73.891182,29.97007],[73.932953,29.970741],[73.95694,29.969513],[73.976463,29.96911],[73.990921,29.97123],[73.996002,29.97089],[74.002747,29.97006],[74.069199,29.96887],[74.083328,29.967373],[74.154449,29.963291],[74.185966,29.960381],[74.212761,29.96039],[74.223801,29.959711],[74.240677,29.956289],[74.251907,29.955259],[74.260307,29.955669],[74.27903,29.95509],[74.28997,29.956261],[74.32151,29.95396],[74.35585,29.950331],[74.372452,29.95002],[74.403793,29.94734],[74.42807,29.949541],[74.441978,29.947088],[74.444038,29.94672],[74.466606,29.944679],[74.519066,29.94335],[74.512787,29.930038],[74.505028,29.907761],[74.51091,29.904291],[74.525513,29.902561],[74.533691,29.90262],[74.543457,29.88872],[74.545219,29.88073],[74.551796,29.87352],[74.553566,29.865641],[74.54747,29.85692],[74.532532,29.839281],[74.50589,29.832581],[74.491669,29.826509],[74.480606,29.81525],[74.470566,29.802],[74.465263,29.78755],[74.469116,29.75824],[74.472,29.74403],[74.483192,29.74403],[74.496803,29.741821],[74.511559,29.740683],[74.525833,29.741369],[74.531853,29.74935],[74.537788,29.75386],[74.549332,29.754801],[74.564026,29.75461],[74.571396,29.753248],[74.578163,29.76696],[74.586639,29.768511],[74.592537,29.76672],[74.597511,29.757971],[74.6054,29.75288],[74.605988,29.746651],[74.601616,29.740669],[74.603477,29.72143],[74.60038,29.713108],[74.59903,29.706211],[74.592873,29.70072],[74.593872,29.691433],[74.590851,29.68272],[74.585136,29.67503],[74.578522,29.654753],[74.582039,29.64407],[74.586037,29.63526],[74.581276,29.630541],[74.575363,29.627321],[74.576996,29.620823],[74.574677,29.61441],[74.570282,29.585918],[74.570602,29.568541],[74.566536,29.563499],[74.571747,29.55558],[74.581787,29.547689],[74.591179,29.543421],[74.599487,29.536869],[74.611427,29.5315],[74.614403,29.527111],[74.611687,29.520008],[74.604523,29.510441],[74.600746,29.50355],[74.592659,29.492123],[74.590309,29.48613],[74.59156,29.479851],[74.585533,29.468983],[74.580421,29.463499],[74.578911,29.45862],[74.571709,29.462301],[74.559471,29.464371],[74.550377,29.464479],[74.542809,29.46657],[74.53463,29.465033],[74.530746,29.457548],[74.529106,29.449539],[74.529556,29.434999],[74.531296,29.42498],[74.541138,29.423149],[74.55217,29.422401],[74.557808,29.418631],[74.5644,29.41078],[74.57003,29.406158],[74.569099,29.397301],[74.572899,29.38645],[74.579781,29.378731],[74.590538,29.37067],[74.596718,29.36219],[74.600037,29.35433],[74.595779,29.328312],[74.606033,29.327579],[74.641823,29.3312],[74.644127,29.335348],[74.643707,29.354401],[74.650177,29.37237],[74.658516,29.36998],[74.676018,29.368172],[74.688683,29.36516],[74.711243,29.36891],[74.716888,29.36636],[74.722557,29.360849],[74.731697,29.353788],[74.756638,29.355961],[74.775917,29.360151],[74.785782,29.370541],[74.798782,29.384651],[74.809547,29.398479],[74.835106,29.40148],[74.841133,29.40407],[74.849518,29.40279],[74.857193,29.39937],[74.863937,29.396351],[74.86657,29.38846],[74.870583,29.385113],[74.888481,29.386671],[74.895309,29.384109],[74.899071,29.37822],[74.910217,29.371153],[74.921967,29.366032],[74.927147,29.364639],[74.935921,29.33795],[74.946083,29.332809],[74.950966,29.326071],[74.950569,29.31851],[74.945847,29.311028],[74.940109,29.304819],[74.942566,29.295181],[74.947533,29.288158],[74.95311,29.28194],[74.959961,29.280151],[74.968063,29.28244],[74.976906,29.281118],[74.982918,29.278261],[74.991043,29.271749],[75.005867,29.28381],[75.023857,29.291531],[75.039917,29.287149],[75.050476,29.2724],[75.050667,29.268881],[75.050941,29.263712],[75.060623,29.253311],[75.065323,29.246611],[75.062706,29.23892],[75.078079,29.23245],[75.092506,29.229113],[75.108177,29.22677],[75.113747,29.242901],[75.124672,29.244961],[75.147476,29.24585],[75.16082,29.25375],[75.164017,29.26438],[75.179993,29.26862],[75.188507,29.258631],[75.195313,29.244221],[75.21196,29.234529],[75.223457,29.234951],[75.235229,29.25194],[75.249466,29.25646],[75.271729,29.25437],[75.276718,29.273451],[75.279373,29.276821],[75.289688,29.2777],[75.29969,29.281981],[75.308578,29.288918],[75.319267,29.29344],[75.324249,29.29019],[75.325371,29.278311],[75.323181,29.251751],[75.314926,29.23596],[75.334541,29.22883],[75.345306,29.22616],[75.347198,29.23012],[75.350166,29.247381],[75.357979,29.25461],[75.372467,29.260031],[75.379547,29.263931],[75.387978,29.264353],[75.395706,29.26194],[75.398689,29.25499],[75.399681,29.246778],[75.399368,29.240271],[75.393661,29.23424],[75.387299,29.22904],[75.386116,29.221243],[75.392296,29.218071],[75.396461,29.213421],[75.399857,29.201483],[75.40065,29.18891],[75.394386,29.174271],[75.388573,29.1707],[75.378456,29.17152],[75.368958,29.169958],[75.36763,29.150421],[75.361153,29.14262],[75.37381,29.13706],[75.385086,29.134161],[75.39621,29.128441],[75.391342,29.11932],[75.380699,29.11072],[75.381302,29.10257],[75.383156,29.095371],[75.381386,29.08967],[75.382187,29.083599],[75.380653,29.07032],[75.390251,29.06823],[75.43026,29.06472],[75.429756,29.056179],[75.4375,29.05048],[75.440559,29.041521],[75.43264,29.02207],[75.434738,29.016541],[75.458679,29.020151],[75.473427,29.020201],[75.483627,29.01885],[75.505119,29.01515],[75.511101,29.01083],[75.51107,29.004141],[75.511139,29.003321],[75.515251,28.991051],[75.516518,28.975389],[75.508919,28.965738],[75.502937,28.961481],[75.503548,28.95182],[75.497566,28.941488],[75.468887,28.93799],[75.467079,28.92625],[75.484627,28.901661],[75.488426,28.898319],[75.487991,28.85965],[75.497719,28.85619],[75.499153,28.850361],[75.502678,28.84598],[75.510498,28.84342],[75.513367,28.83659],[75.508789,28.81529],[75.50312,28.80929],[75.503922,28.79674],[75.498543,28.787661],[75.505028,28.782791],[75.516083,28.772228],[75.521957,28.756151],[75.528923,28.75028],[75.526031,28.74292],[75.530937,28.732821],[75.531487,28.717291],[75.535477,28.688391],[75.536636,28.682171],[75.539803,28.67602],[75.537933,28.661289],[75.540718,28.655279],[75.539566,28.64887],[75.549011,28.643122],[75.55571,28.614592],[75.576996,28.616671],[75.584953,28.60638],[75.609337,28.605881],[75.61805,28.602209],[75.620018,28.59923],[75.619049,28.58873],[75.625259,28.55851],[75.629097,28.545971],[75.63665,28.54751],[75.643517,28.54291],[75.653557,28.540571],[75.66333,28.536112],[75.665489,28.533279],[75.663933,28.520861],[75.671097,28.51693],[75.690079,28.4991],[75.700691,28.495331],[75.723953,28.491293],[75.736549,28.487202],[75.735001,28.472641],[75.747139,28.469379],[75.778229,28.457611],[75.785156,28.450741],[75.785133,28.439211],[75.776833,28.430471],[75.76545,28.42078],[75.770317,28.407619],[75.782562,28.40723],[75.78759,28.404442],[75.794052,28.40988],[75.802589,28.414228],[75.816711,28.411501],[75.818138,28.40589],[75.828239,28.409073],[75.835083,28.397701],[75.841202,28.39728],[75.872131,28.39085],[75.883156,28.3867],[75.883537,28.391991],[75.889229,28.39366],[75.896866,28.389999],[75.897133,28.380081],[75.904671,28.37606],[75.922379,28.36891],[75.92498,28.364698],[75.928406,28.35602],[75.927406,28.3451],[75.956306,28.338371],[75.956596,28.335581],[75.951431,28.3335],[75.954491,28.328709],[75.954666,28.318531],[75.967628,28.324093],[75.974709,28.315861],[75.979332,28.306332],[75.986572,28.295891],[75.991241,28.295191],[76.018723,28.280958],[76.007401,28.253153],[76.011192,28.241751],[76.02578,28.23592],[76.036346,28.22711],[76.053009,28.22423],[76.052277,28.214439],[76.049751,28.209831],[76.043823,28.20549],[76.045067,28.20293],[76.056656,28.201231],[76.065613,28.19895],[76.069298,28.19425],[76.071571,28.17923],[76.074806,28.172428],[76.080429,28.16811],[76.092888,28.155218],[76.092873,28.151621],[76.091797,28.14642],[76.087936,28.143539],[76.083199,28.14225],[76.074913,28.141951],[76.065056,28.14447],[76.063667,28.149891],[76.065407,28.155649],[76.066353,28.16777],[76.06073,28.169981],[76.027748,28.172722],[76.016197,28.161079],[76.0112,28.157673],[76.006027,28.156563],[75.999756,28.156441],[75.994667,28.1506],[75.99572,28.135321],[75.994293,28.131111],[75.991112,28.12818],[75.977066,28.127201],[75.967613,28.11939],[75.957497,28.115551],[75.947403,28.10969],[75.942497,28.105631],[75.936089,28.093531],[75.958969,28.084061],[75.977066,28.084181],[75.982063,28.080221],[75.987633,28.070589],[75.974586,28.057051],[75.977409,28.0522],[75.98455,28.050741],[75.991066,28.056452],[75.997627,28.057468],[76.001923,28.060732],[76.012428,28.076351],[76.014862,28.081079],[76.015648,28.088852],[76.031212,28.083893],[76.034203,28.07995],[76.035629,28.07398],[76.033119,28.068651],[76.022293,28.062309],[76.01667,28.05611],[76.005356,28.054531],[76.009956,28.04991],[76.010887,28.047041],[76.010078,28.036711],[75.991051,28.039911],[75.980507,28.03871],[75.974358,28.03694],[75.969986,28.030949],[75.970833,28.02375],[75.972679,28.018141],[75.979156,28.015459],[75.985817,28.01475],[75.99054,28.010172],[75.989113,28.00433],[75.979889,28.001451],[75.972267,28.001341],[75.966873,28.00223],[75.964523,28.002661],[75.960518,28.0021],[75.956398,28.00102],[75.955276,27.994181],[75.955467,27.98864],[75.96566,27.98657],[75.973167,27.983961],[75.982079,27.98698],[75.986908,27.984631],[75.986473,27.98111],[75.981827,27.978312],[75.973846,27.969938],[75.96833,27.962311],[75.973198,27.958],[75.963173,27.936951],[75.953949,27.93944],[75.944611,27.940088],[75.941696,27.946341],[75.938507,27.951092],[75.928589,27.94175],[75.923622,27.93309],[75.92878,27.926481],[75.928833,27.916809],[75.94175,27.919081],[75.955887,27.91955],[75.967537,27.915371],[75.977386,27.90926],[75.967247,27.899311],[75.975189,27.893091],[75.972801,27.88538],[75.973457,27.877453],[75.964256,27.87151],[75.963081,27.864731],[75.975449,27.86463],[75.984276,27.862869],[75.994476,27.86092],[75.99662,27.860168],[76.005249,27.857441],[76.009308,27.86261],[76.02079,27.857521],[76.029617,27.853889],[76.033836,27.854181],[76.038399,27.852501],[76.043686,27.84885],[76.049629,27.84786],[76.054787,27.851822],[76.060028,27.85718],[76.080093,27.85107],[76.084763,27.85639],[76.08564,27.865223],[76.088066,27.868448],[76.095772,27.864799],[76.103348,27.862379],[76.112587,27.858582],[76.122139,27.854401],[76.128456,27.846922],[76.128227,27.837841],[76.127769,27.8332],[76.142677,27.827831],[76.153191,27.821293],[76.162842,27.81484],[76.167343,27.809141],[76.17292,27.807461],[76.18042,27.81241],[76.186241,27.81905],[76.190407,27.826761],[76.19413,27.831211],[76.200546,27.828911],[76.207733,27.828491],[76.213806,27.832588],[76.223282,27.840931],[76.210632,27.844818],[76.205948,27.84799],[76.20507,27.85552],[76.198952,27.859671],[76.193108,27.863913],[76.191353,27.869429],[76.189011,27.876369],[76.190323,27.881578],[76.194443,27.883942],[76.199753,27.8881],[76.200127,27.892311],[76.198639,27.898991],[76.190956,27.902691],[76.182617,27.905071],[76.175163,27.907101],[76.169746,27.90975],[76.166458,27.91507],[76.166077,27.92099],[76.167656,27.92835],[76.170372,27.93329],[76.174767,27.94125],[76.176369,27.948311],[76.176933,27.955061],[76.176292,27.96106],[76.178177,27.96747],[76.179466,27.972841],[76.174217,27.97521],[76.167038,27.979153],[76.16098,27.980101],[76.162468,27.98831],[76.15387,27.992531],[76.154938,27.998991],[76.158722,28.004551],[76.169388,28.016859],[76.174263,28.02191],[76.179558,28.023293],[76.183891,28.02354],[76.190681,28.02142],[76.195877,28.021738],[76.200386,28.025671],[76.203461,28.030361],[76.213829,28.031681],[76.213562,28.04018],[76.204163,28.04225],[76.198181,28.034948],[76.193428,28.035231],[76.183182,28.04302],[76.176888,28.04896],[76.175453,28.054251],[76.177338,28.059259],[76.192848,28.059811],[76.199913,28.060751],[76.203636,28.059521],[76.208336,28.055561],[76.225937,28.055189],[76.233368,28.056421],[76.243568,28.068939],[76.251099,28.070921],[76.264923,28.068741],[76.27179,28.066389],[76.282028,28.058929],[76.290077,28.04911],[76.288116,28.042049],[76.290123,28.0299],[76.297157,28.025961],[76.316597,28.02099],[76.323677,28.023842],[76.329956,28.024879],[76.3368,28.029661],[76.341263,28.036051],[76.345917,28.04579],[76.353287,28.065573],[76.354599,28.074202],[76.350487,28.075781],[76.344368,28.07387],[76.337349,28.073061],[76.332138,28.07679],[76.331268,28.08165],[76.328796,28.087761],[76.324883,28.092159],[76.320549,28.094313],[76.313446,28.094671],[76.307167,28.096453],[76.297401,28.101049],[76.301323,28.106201],[76.308029,28.11128],[76.314178,28.112129],[76.331886,28.106718],[76.339546,28.109699],[76.343506,28.113218],[76.355606,28.12845],[76.349342,28.132151],[76.343216,28.132771],[76.337593,28.134848],[76.331009,28.138969],[76.322746,28.149218],[76.317329,28.153061],[76.311119,28.154671],[76.308212,28.150881],[76.301559,28.151001],[76.295906,28.154671],[76.295067,28.157051],[76.29847,28.159449],[76.298523,28.162548],[76.293007,28.165279],[76.278183,28.168571],[76.276787,28.17276],[76.279068,28.17872],[76.288857,28.182673],[76.298027,28.182871],[76.304962,28.183861],[76.308716,28.183361],[76.325958,28.177431],[76.335907,28.177341],[76.342598,28.173931],[76.353249,28.166191],[76.355972,28.159781],[76.357407,28.147852],[76.359833,28.143381],[76.37677,28.138071],[76.384033,28.13986],[76.388512,28.139521],[76.393028,28.14105],[76.397041,28.147793],[76.412247,28.147478],[76.427292,28.145941],[76.431358,28.147572],[76.437126,28.152151],[76.456047,28.151428],[76.46109,28.15237],[76.465179,28.155611],[76.470993,28.154741],[76.472336,28.149601],[76.469963,28.1385],[76.47319,28.135731],[76.477226,28.13467],[76.483292,28.134848],[76.485092,28.134901],[76.489723,28.133678],[76.485741,28.12812],[76.486893,28.12281],[76.498093,28.12254],[76.497292,28.115978],[76.497803,28.106621],[76.488747,28.104731],[76.477287,28.105989],[76.472542,28.112711],[76.466232,28.11297],[76.46093,28.1119],[76.456886,28.11039],[76.453903,28.10589],[76.451218,28.09766],[76.44857,28.09317],[76.45343,28.08779],[76.458817,28.085001],[76.463608,28.084068],[76.469887,28.086321],[76.485901,28.075121],[76.495377,28.06764],[76.497658,28.064732],[76.494537,28.061071],[76.489578,28.05924],[76.483818,28.058281],[76.471298,28.06111],[76.457977,28.061972],[76.454033,28.055073],[76.453728,28.049669],[76.455742,28.04648],[76.4617,28.044573],[76.475708,28.04406],[76.48307,28.046329],[76.492218,28.047098],[76.496048,28.04364],[76.498489,28.04018],[76.499496,28.03636],[76.505226,28.03503],[76.511406,28.03536],[76.518593,28.038961],[76.525856,28.045448],[76.531242,28.043112],[76.538521,28.03912],[76.53553,28.025711],[76.538551,28.016701],[76.53862,28.01206],[76.537743,28.007511],[76.538452,28.005371],[76.536407,28.00473],[76.535538,27.993061],[76.531937,27.985701],[76.531036,27.979328],[76.533501,27.973728],[76.538193,27.970541],[76.546593,27.971371],[76.553436,27.975031],[76.559792,27.981783],[76.567497,27.98358],[76.57383,27.989019],[76.577271,27.994871],[76.583817,28.000311],[76.591759,28.003658],[76.595238,28.006149],[76.598969,28.00984],[76.603897,28.010792],[76.615967,28.01129],[76.625343,28.010469],[76.636879,28.01066],[76.646713,28.012621],[76.654556,28.01557],[76.660072,28.019051],[76.662407,28.022942],[76.661461,28.029303],[76.659622,28.03367],[76.653419,28.039921],[76.650993,28.04446],[76.651627,28.055483],[76.648926,28.06171],[76.647926,28.067671],[76.648041,28.079081],[76.646973,28.08511],[76.64785,28.092211],[76.65123,28.09676],[76.65799,28.099072],[76.663933,28.097851],[76.67791,28.097811],[76.682182,28.097771],[76.685646,28.10688],[76.689499,28.113501],[76.690247,28.11479],[76.694946,28.115299],[76.698761,28.115711],[76.705437,28.127728],[76.708992,28.13138],[76.709961,28.13236],[76.720047,28.131531],[76.731598,28.12845],[76.732956,28.128572],[76.739128,28.12904],[76.755081,28.14661],[76.762169,28.150021],[76.772942,28.151421],[76.783066,28.15568],[76.791489,28.157242],[76.796143,28.170481],[76.79229,28.175661],[76.792259,28.18292],[76.790253,28.19376],[76.793098,28.19833],[76.793846,28.199551],[76.79789,28.19438],[76.802612,28.196072],[76.805603,28.20038],[76.802467,28.204632],[76.801369,28.211601],[76.805809,28.215891],[76.813232,28.216312],[76.818962,28.214691],[76.82383,28.214701],[76.827248,28.217491],[76.833427,28.22485],[76.850487,28.226669],[76.85434,28.225241],[76.857727,28.223171],[76.863632,28.22464],[76.865807,28.217958],[76.86618,28.211521],[76.879257,28.210381],[76.886688,28.210491],[76.896683,28.20763],[76.899849,28.204769],[76.885742,28.196741],[76.883873,28.194731],[76.884048,28.19166],[76.890091,28.187828],[76.899139,28.179321],[76.912048,28.17186],[76.921051,28.162251],[76.927536,28.158913],[76.937813,28.15535],[76.941566,28.15517],[76.940529,28.150921],[76.941742,28.148701],[76.956543,28.146009],[76.961761,28.144011],[76.955826,28.123718],[76.955513,28.11175],[76.951073,28.096088],[76.948067,28.078671],[76.946556,28.071341],[76.942528,28.06682],[76.938026,28.05961],[76.933647,28.04813],[76.931862,28.042023],[76.93074,28.0305],[76.926582,28.012501],[76.921631,28.00569],[76.918648,27.99761],[76.922318,27.985828],[76.924927,27.978361],[76.922768,27.965771],[76.91954,27.952831],[76.91909,27.940821],[76.919098,27.92486],[76.92128,27.921053],[76.929939,27.92136],[76.93882,27.919029],[76.936737,27.907541],[76.938179,27.89599],[76.926086,27.894421],[76.926109,27.888371],[76.924782,27.876791],[76.928299,27.86713],[76.929909,27.85523],[76.928093,27.843981],[76.926643,27.834221],[76.921936,27.831831],[76.914993,27.83462],[76.907883,27.835918],[76.903778,27.832661],[76.90107,27.825418],[76.900383,27.82115],[76.905243,27.812559],[76.906601,27.807659],[76.902802,27.801281],[76.903923,27.794889],[76.898651,27.79108],[76.895607,27.78614],[76.893639,27.779251],[76.892326,27.772032],[76.891403,27.76119],[76.89061,27.74202],[76.887863,27.737211],[76.884079,27.730909],[76.883347,27.724422],[76.888542,27.719551],[76.895393,27.71851],[76.902786,27.71644],[76.90831,27.71209],[76.912201,27.7061],[76.914566,27.700821],[76.910362,27.69665],[76.906006,27.695841],[76.900307,27.69463],[76.893509,27.698261],[76.888023,27.701679],[76.882843,27.703371],[76.88092,27.699369],[76.883118,27.695499],[76.888626,27.692841],[76.894737,27.689659],[76.896736,27.685961],[76.894012,27.683331],[76.891647,27.67989],[76.893227,27.67688],[76.897156,27.67243],[76.900093,27.668039],[76.900528,27.663441],[76.902626,27.65852],[76.905403,27.65597],[76.909477,27.656801],[76.913826,27.659601],[76.918991,27.661482],[76.923851,27.66073],[76.926842,27.66543],[76.930283,27.671709],[76.934196,27.6751],[76.938446,27.67367],[76.944786,27.67057],[76.951538,27.66625],[76.960228,27.66242],[76.970497,27.657143],[76.970337,27.665451],[76.972298,27.672871],[76.973129,27.680422],[76.976082,27.69285],[76.979103,27.70616],[76.982773,27.7185],[76.98745,27.72928],[76.989128,27.73378],[76.991356,27.736429],[76.993538,27.741701],[76.994377,27.742043],[77.000992,27.73852],[77.003372,27.73855],[77.00502,27.73914],[77.011406,27.746519],[77.016808,27.747761],[77.024857,27.747129],[77.028946,27.749371],[77.031967,27.748411],[77.036499,27.744621],[77.039322,27.74159],[77.040283,27.738359],[77.042717,27.735903],[77.044273,27.732241],[77.050659,27.728111],[77.053207,27.727859],[77.059448,27.731359],[77.065727,27.73241],[77.071136,27.735741],[77.077972,27.737341],[77.079216,27.738411],[77.079437,27.740191],[77.078407,27.74288],[77.072533,27.7491],[77.07119,27.751923],[77.070702,27.758841],[77.067337,27.76376],[77.061813,27.76569],[77.05603,27.76438],[77.05423,27.7619],[77.050102,27.761042],[77.046928,27.767981],[77.039436,27.7749],[77.028412,27.780298],[77.026726,27.77791],[77.024086,27.77701],[77.022766,27.777948],[77.020668,27.77812],[77.019753,27.780321],[77.023048,27.787189],[77.023987,27.79817],[77.03038,27.81143],[77.034576,27.812523],[77.035393,27.8141],[77.035049,27.816662],[77.038277,27.820042],[77.045143,27.81698],[77.046822,27.81809],[77.051826,27.815161],[77.056252,27.81146],[77.065292,27.81258],[77.068481,27.811571],[77.072411,27.809521],[77.074272,27.804352],[77.076637,27.80147],[77.080231,27.80039],[77.093628,27.789701],[77.101166,27.785492],[77.102631,27.785181],[77.107483,27.786659],[77.114769,27.789881],[77.117416,27.790192],[77.119972,27.789471],[77.122108,27.788309],[77.124672,27.78484],[77.125206,27.776932],[77.126526,27.776461],[77.135353,27.783951],[77.141426,27.78623],[77.147278,27.786659],[77.151428,27.791811],[77.153297,27.797859],[77.153542,27.802431],[77.149727,27.812431],[77.15062,27.815559],[77.1521,27.815771],[77.156662,27.813601],[77.161087,27.813189],[77.172379,27.81632],[77.175873,27.814451],[77.180656,27.808653],[77.180443,27.804432],[77.178146,27.802521],[77.169243,27.80057],[77.166603,27.795919],[77.162163,27.79059],[77.164009,27.786911],[77.168701,27.784901],[77.17556,27.787222],[77.188942,27.798429],[77.1866,27.81048],[77.187477,27.815048],[77.193848,27.821939],[77.196762,27.819441],[77.202103,27.812571],[77.205711,27.805481],[77.206772,27.80106],[77.216843,27.7955],[77.222153,27.797649],[77.226852,27.796101],[77.228706,27.7931],[77.227249,27.788658],[77.231743,27.785801],[77.234558,27.78581],[77.240883,27.790359],[77.247948,27.793751],[77.252846,27.79764],[77.256996,27.80525],[77.258057,27.809299],[77.262497,27.816111],[77.267487,27.81196],[77.27578,27.806549],[77.279327,27.802801],[77.290642,27.801701],[77.295387,27.799841],[77.297943,27.797859],[77.301109,27.79368],[77.304146,27.78801],[77.303688,27.77598],[77.301468,27.771709],[77.301529,27.768961],[77.302963,27.76465],[77.302803,27.76119],[77.301697,27.760061],[77.301346,27.756458],[77.305336,27.749229],[77.306,27.744699],[77.309669,27.742788],[77.312103,27.740171],[77.312332,27.73868],[77.310677,27.73687],[77.296341,27.72983],[77.297607,27.718681],[77.302353,27.713211],[77.308456,27.713909],[77.317253,27.711241],[77.320343,27.712683],[77.324478,27.71319],[77.330536,27.71114],[77.333939,27.70792],[77.334442,27.69949],[77.336548,27.69618],[77.336792,27.685463],[77.335007,27.681421],[77.337463,27.67581],[77.337166,27.66967],[77.339348,27.66242],[77.342766,27.657202],[77.342323,27.65303],[77.332336,27.63777],[77.313217,27.617321],[77.311211,27.611691],[77.325783,27.596878],[77.328117,27.596041],[77.335167,27.60153],[77.350113,27.593401],[77.348396,27.59012],[77.343491,27.585503],[77.338387,27.576603],[77.333061,27.57604],[77.331093,27.573441],[77.330399,27.57111],[77.331207,27.568628],[77.330673,27.563751],[77.333572,27.55459],[77.33844,27.549643],[77.340157,27.54674],[77.335457,27.5417],[77.332527,27.538549],[77.335136,27.530022],[77.340263,27.524773],[77.352226,27.519979],[77.35817,27.51948],[77.361229,27.518511],[77.37619,27.5186],[77.382416,27.51655],[77.383263,27.51149],[77.389557,27.505423],[77.392029,27.502043],[77.391556,27.493561],[77.392349,27.486101],[77.393593,27.481941],[77.396423,27.47781],[77.407387,27.47637],[77.411369,27.472691],[77.415451,27.466141],[77.425438,27.464809],[77.429596,27.462049],[77.428787,27.45546],[77.427277,27.45101],[77.422951,27.44943],[77.420731,27.44729],[77.418282,27.442171],[77.41703,27.43824],[77.415176,27.425371],[77.425087,27.418873],[77.426773,27.416611],[77.429993,27.405029],[77.429558,27.404381],[77.431892,27.399158],[77.435783,27.39679],[77.44326,27.39333],[77.461586,27.38759],[77.466606,27.384291],[77.475868,27.38773],[77.486961,27.38563],[77.497246,27.381363],[77.502197,27.377359],[77.503853,27.37406],[77.508026,27.372782],[77.509361,27.367821],[77.515678,27.36273],[77.522003,27.357639],[77.530746,27.35277],[77.535393,27.35294],[77.539093,27.353071],[77.540413,27.347589],[77.542747,27.342428],[77.561737,27.33544],[77.566719,27.333611],[77.567772,27.333231],[77.572739,27.33009],[77.574547,27.326731],[77.580437,27.328451],[77.582298,27.331631],[77.586617,27.335272],[77.592972,27.337961],[77.604813,27.33795],[77.607536,27.342159],[77.610367,27.344393],[77.614113,27.34339],[77.616341,27.33831],[77.615593,27.334539],[77.615532,27.325411],[77.613503,27.31476],[77.608879,27.31193],[77.603302,27.309921],[77.600082,27.304701],[77.597023,27.304701],[77.591728,27.302731],[77.591667,27.300558],[77.598328,27.29635],[77.603073,27.29488],[77.609093,27.287991],[77.609352,27.28167],[77.614143,27.279161],[77.611252,27.27434],[77.606613,27.272711],[77.609001,27.265079],[77.612846,27.260302],[77.623299,27.263821],[77.625816,27.262341],[77.629578,27.255491],[77.634239,27.253681],[77.638908,27.247141],[77.639137,27.247129],[77.638008,27.242538],[77.638397,27.24065],[77.644203,27.238878],[77.643181,27.23181],[77.639458,27.22323],[77.639519,27.217272],[77.642029,27.214769],[77.647781,27.214548],[77.655006,27.211781],[77.656647,27.21302],[77.667191,27.2071],[77.672997,27.200361],[77.671997,27.195061],[77.665413,27.18615],[77.661247,27.182781],[77.654617,27.175581],[77.643341,27.1744],[77.635918,27.17013],[77.630798,27.17021],[77.628296,27.173122],[77.625443,27.17436],[77.62252,27.17499],[77.614807,27.174789],[77.605118,27.16848],[77.604073,27.16432],[77.605949,27.158901],[77.606537,27.15414],[77.598076,27.148001],[77.593658,27.147951],[77.59211,27.14477],[77.592392,27.14012],[77.595917,27.137211],[77.594551,27.13368],[77.597267,27.129051],[77.595673,27.12616],[77.590782,27.123081],[77.585876,27.124241],[77.583427,27.120682],[77.574669,27.12212],[77.556122,27.11582],[77.545769,27.115129],[77.544449,27.115601],[77.539482,27.111259],[77.532097,27.10969],[77.529373,27.104141],[77.520821,27.10582],[77.51384,27.108089],[77.508217,27.102859],[77.502319,27.09922],[77.499031,27.09584],[77.498413,27.09519],[77.49939,27.093981],[77.511002,27.09392],[77.514748,27.0919],[77.513779,27.091379],[77.517387,27.089491],[77.518227,27.088093],[77.517738,27.07976],[77.514687,27.07406],[77.514297,27.070421],[77.52137,27.067223],[77.526543,27.066509],[77.52916,27.06711],[77.533661,27.069811],[77.541397,27.077391],[77.546318,27.08073],[77.55423,27.077221],[77.56324,27.078623],[77.565681,27.078011],[77.568443,27.072481],[77.565727,27.069031],[77.56694,27.06632],[77.566803,27.060261],[77.565239,27.05398],[77.561127,27.051571],[77.558937,27.04879],[77.557396,27.0369],[77.560677,27.03565],[77.568207,27.03933],[77.575096,27.041571],[77.583923,27.03932],[77.588753,27.03706],[77.590591,27.03166],[77.594322,27.031191],[77.598816,27.02883],[77.603432,27.029093],[77.615593,27.027399],[77.619499,27.024908],[77.622017,27.02187],[77.624252,27.016899],[77.627403,27.015501],[77.63092,27.023411],[77.634262,27.027012],[77.643341,27.027191],[77.65197,27.022579],[77.657028,27.022732],[77.659859,27.02504],[77.6633,27.03031],[77.670769,27.048901],[77.673317,27.051559],[77.678169,27.050529],[77.684303,27.04492],[77.68486,27.039841],[77.682022,27.032942],[77.693741,27.01952],[77.695671,27.01605],[77.696617,27.00695],[77.698967,27.005711],[77.703583,27.000311],[77.70858,27.001102],[77.713921,26.997961],[77.717613,27.000021],[77.722313,27.00034],[77.723366,27.003908],[77.721046,27.005701],[77.720177,27.01405],[77.72216,27.02614],[77.726486,27.03154],[77.735542,27.033741],[77.738403,27.032681],[77.739357,27.02759],[77.740852,27.02552],[77.743896,27.023741],[77.753113,27.02363],[77.755013,27.02276],[77.747681,27.01763],[77.745293,27.013361],[77.746162,27.01086],[77.745461,27.00869],[77.742546,27.00635],[77.742462,27.005701],[77.746078,27.002941],[77.747711,26.998501],[77.743362,26.99766],[77.739693,26.99795],[77.739006,26.99106],[77.736343,26.98822],[77.723282,26.988239],[77.714592,26.991661],[77.709923,26.9877],[77.701233,26.98432],[77.691917,26.978992],[77.67028,26.97711],[77.668617,26.969179],[77.665298,26.966921],[77.659607,26.968081],[77.656609,26.97406],[77.652603,26.974941],[77.648941,26.97381],[77.642273,26.9673],[77.604828,26.945959],[77.598129,26.940269],[77.593796,26.93771],[77.591766,26.943981],[77.587448,26.94455],[77.58477,26.94227],[77.57975,26.93087],[77.557358,26.926031],[77.545319,26.922041],[77.51857,26.91548],[77.495842,26.905781],[77.482468,26.90378],[77.473778,26.89979],[77.464783,26.89266],[77.455177,26.889561],[77.455513,26.88044],[77.454178,26.87674],[77.450523,26.875011],[77.441826,26.87759],[77.436508,26.867887],[77.431816,26.865891],[77.426483,26.867031],[77.42247,26.86702],[77.423477,26.85762],[77.426163,26.85306],[77.421486,26.84878],[77.417488,26.842791],[77.422836,26.836809],[77.42585,26.83567],[77.427193,26.83168],[77.434212,26.825411],[77.439217,26.819151],[77.43824,26.80888],[77.431923,26.792351],[77.428589,26.785789],[77.427269,26.776093],[77.428596,26.770111],[77.434288,26.77239],[77.438942,26.77581],[77.445282,26.777531],[77.450951,26.78067],[77.455971,26.78038],[77.464317,26.76955],[77.46167,26.765848],[77.457306,26.76214],[77.448311,26.74675],[77.480362,26.75388],[77.486359,26.761011],[77.493347,26.766991],[77.496689,26.774111],[77.489326,26.777248],[77.484322,26.782391],[77.480988,26.7878],[77.482323,26.794071],[77.486649,26.801201],[77.489326,26.808611],[77.496986,26.837971],[77.497978,26.84795],[77.501976,26.846531],[77.506668,26.847382],[77.513672,26.845102],[77.51535,26.8414],[77.512337,26.838261],[77.512016,26.82799],[77.514359,26.82457],[77.520691,26.822008],[77.528381,26.82457],[77.535713,26.82543],[77.547409,26.82172],[77.556419,26.821991],[77.564766,26.82456],[77.568756,26.827412],[77.572113,26.831961],[77.577469,26.833101],[77.588142,26.83338],[77.596153,26.841652],[77.600166,26.842501],[77.600838,26.83423],[77.604507,26.832802],[77.608536,26.834511],[77.611862,26.839642],[77.613197,26.844469],[77.616203,26.848471],[77.624878,26.846748],[77.657303,26.856411],[77.664627,26.85984],[77.666977,26.862383],[77.671669,26.874071],[77.674683,26.87463],[77.678352,26.878321],[77.68235,26.879169],[77.686363,26.878321],[77.689377,26.87347],[77.693718,26.87289],[77.696373,26.876591],[77.697731,26.880011],[77.705406,26.88028],[77.715843,26.88133],[77.719841,26.88674],[77.720543,26.893011],[77.719879,26.89673],[77.71788,26.89959],[77.710838,26.903021],[77.71891,26.91641],[77.723923,26.922951],[77.728958,26.9258],[77.740646,26.92692],[77.744331,26.92321],[77.748703,26.92691],[77.75338,26.937738],[77.765099,26.93799],[77.773483,26.93627],[77.77314,26.93257],[77.781487,26.92771],[77.788857,26.922281],[77.795883,26.923401],[77.799232,26.928251],[77.80526,26.92852],[77.808609,26.925661],[77.814629,26.922791],[77.821327,26.926201],[77.826332,26.92104],[77.836372,26.919592],[77.841042,26.916441],[77.849403,26.91242],[77.871468,26.9055],[77.876778,26.89921],[77.882141,26.89604],[77.884796,26.892321],[77.890106,26.88946],[77.896126,26.889721],[77.900833,26.89514],[77.902847,26.90114],[77.900902,26.911713],[77.898582,26.915421],[77.896927,26.92],[77.89994,26.924549],[77.906616,26.92396],[77.909256,26.92083],[77.908249,26.91683],[77.909569,26.91427],[77.92189,26.914551],[77.928841,26.91284],[77.932129,26.91],[77.934746,26.905161],[77.937698,26.90205],[77.941971,26.89979],[77.962959,26.912571],[77.965797,26.91098],[77.964813,26.907249],[77.966759,26.903021],[77.970627,26.8997],[77.975136,26.897528],[77.980278,26.897701],[77.985016,26.901381],[77.99189,26.9109],[77.998383,26.909851],[78.00666,26.910662],[78.014061,26.908392],[78.016296,26.90498],[78.019119,26.89744],[78.021713,26.894791],[78.022072,26.89019],[78.017563,26.88203],[78.020096,26.87961],[78.027931,26.87615],[78.027313,26.87348],[78.016357,26.863819],[78.017616,26.861641],[78.022026,26.86087],[78.027222,26.862181],[78.031143,26.865482],[78.0354,26.874559],[78.03756,26.876963],[78.039658,26.87735],[78.045891,26.874882],[78.047806,26.874809],[78.047729,26.87775],[78.044823,26.882118],[78.044296,26.884531],[78.045227,26.902863],[78.042236,26.915421],[78.04863,26.913771],[78.052483,26.914883],[78.057121,26.9133],[78.060539,26.915901],[78.06292,26.91485],[78.067886,26.91028],[78.072807,26.907551],[78.086823,26.902008],[78.089417,26.902863],[78.08992,26.905748],[78.088303,26.909931],[78.091049,26.91165],[78.09346,26.910089],[78.098618,26.903973],[78.101471,26.904989],[78.10276,26.909931],[78.099083,26.920612],[78.096626,26.92304],[78.095352,26.92905],[78.098663,26.930611],[78.102142,26.930853],[78.106308,26.930012],[78.112709,26.92749],[78.114311,26.93058],[78.115227,26.93819],[78.113052,26.94195],[78.109436,26.94488],[78.107948,26.948311],[78.108047,26.95001],[78.111343,26.953232],[78.114899,26.954861],[78.127068,26.955488],[78.134071,26.957008],[78.139473,26.95713],[78.14608,26.953051],[78.152657,26.952141],[78.163147,26.95269],[78.173737,26.94869],[78.190498,26.94677],[78.201256,26.940323],[78.205246,26.93889],[78.208267,26.939753],[78.212196,26.949619],[78.215897,26.953951],[78.220528,26.94768],[78.223396,26.94508],[78.227318,26.943581],[78.229401,26.941311],[78.230606,26.936783],[78.232742,26.933693],[78.24025,26.93364],[78.247337,26.93075],[78.252197,26.934982],[78.258316,26.934023],[78.261223,26.93178],[78.261757,26.93017],[78.262238,26.923512],[78.259537,26.91622],[78.254326,26.909748],[78.25267,26.90461],[78.248177,26.900631],[78.232498,26.895458],[78.22979,26.8939],[78.22657,26.882629],[78.204857,26.87739],[78.200539,26.87858],[78.193527,26.889521],[78.191139,26.888611],[78.190178,26.883463],[78.196892,26.872122],[78.200752,26.8624],[78.204483,26.855551],[78.207558,26.852331],[78.213951,26.84852],[78.211647,26.838461],[78.209793,26.83609],[78.202789,26.832319],[78.192101,26.829811],[78.179558,26.83102],[78.173279,26.832571],[78.167572,26.831951],[78.163551,26.829851],[78.16095,26.82704],[78.163406,26.819931],[78.179367,26.801161],[78.180443,26.797041],[78.179756,26.79357],[78.176117,26.791492],[78.159782,26.791121],[78.145813,26.791731],[78.14048,26.79364],[78.131317,26.79917],[78.119026,26.802561],[78.11293,26.802561],[78.105522,26.800753],[78.099831,26.797009],[78.095383,26.789431],[78.094421,26.78343],[78.09568,26.771799],[78.097092,26.769421],[78.100517,26.766371],[78.111046,26.76214],[78.114822,26.758812],[78.116058,26.75462],[78.111679,26.749651],[78.096001,26.743761],[78.089149,26.73811],[78.086761,26.73177],[78.08651,26.724451],[78.088989,26.700722],[78.088058,26.686661],[78.085739,26.68305],[78.078636,26.680321],[78.075371,26.67819],[78.069389,26.678511],[78.065117,26.679642],[78.060928,26.681849],[78.056221,26.6859],[78.04911,26.6898],[78.043121,26.691063],[78.031563,26.691339],[78.019203,26.69762],[78.011902,26.700148],[77.992218,26.702641],[77.988556,26.699991],[77.975723,26.683302],[77.968796,26.67664],[77.960533,26.67153],[77.95356,26.66942],[77.947891,26.665041],[77.939903,26.662708],[77.923912,26.664991],[77.903603,26.66618],[77.894577,26.66221],[77.890877,26.654503],[77.890152,26.640518],[77.888779,26.632811],[77.879387,26.620291],[77.870377,26.61862],[77.85144,26.616011],[77.842438,26.615179],[77.834099,26.61178],[77.825432,26.605242],[77.820412,26.599838],[77.81842,26.593851],[77.824387,26.584431],[77.824677,26.572741],[77.817657,26.560211],[77.812996,26.55481],[77.804306,26.551401],[77.797653,26.55028],[77.782997,26.552589],[77.767006,26.553478],[77.758018,26.55065],[77.75,26.546671],[77.744347,26.54525],[77.739357,26.54269],[77.730667,26.529881],[77.726982,26.515362],[77.720993,26.50852],[77.713982,26.50425],[77.69503,26.50087],[77.685989,26.50259],[77.678009,26.505451],[77.671028,26.509729],[77.667686,26.50831],[77.654701,26.497221],[77.64637,26.493799],[77.639381,26.489241],[77.626717,26.48299],[77.620071,26.477001],[77.616737,26.47187],[77.615387,26.466461],[77.608742,26.459341],[77.599083,26.454222],[77.579102,26.45109],[77.56913,26.44311],[77.559143,26.44084],[77.551483,26.440559],[77.547157,26.436281],[77.542503,26.429451],[77.537178,26.423458],[77.529869,26.418041],[77.522881,26.414911],[77.505913,26.41291],[77.493927,26.41358],[77.474968,26.414631],[77.459,26.4112],[77.434052,26.409201],[77.427719,26.40691],[77.425423,26.40206],[77.426407,26.39551],[77.433739,26.387531],[77.439728,26.378691],[77.439423,26.37299],[77.436768,26.368141],[77.432426,26.365],[77.415466,26.368118],[77.407822,26.36898],[77.40184,26.368692],[77.394516,26.366701],[77.385857,26.362423],[77.382889,26.36241],[77.378899,26.363838],[77.366249,26.371519],[77.360252,26.36952],[77.346657,26.36038],[77.334671,26.357231],[77.329376,26.348103],[77.327042,26.34724],[77.324059,26.348103],[77.318047,26.34638],[77.31179,26.33383],[77.308479,26.32156],[77.308167,26.315001],[77.289948,26.295591],[77.267036,26.276171],[77.25145,26.267031],[77.237846,26.26272],[77.208389,26.24424],[77.20311,26.2374],[77.194473,26.235971],[77.184532,26.23682],[77.177536,26.2391],[77.170227,26.244511],[77.16494,26.244501],[77.161301,26.242229],[77.158043,26.238529],[77.152763,26.237951],[77.143272,26.238241],[77.129547,26.239651],[77.124031,26.237951],[77.113647,26.231359],[77.109383,26.225073],[77.105873,26.21936],[77.105087,26.20912],[77.098221,26.202259],[77.096443,26.19544],[77.091682,26.19088],[77.084641,26.18717],[77.068939,26.18541],[77.058937,26.18535],[77.052643,26.186171],[77.044991,26.18495],[77.034737,26.181931],[77.02388,26.17617],[77.01123,26.1653],[77.007736,26.16058],[77.004807,26.159241],[76.999687,26.15263],[76.996468,26.14772],[76.994476,26.137781],[76.986038,26.132353],[76.968567,26.124041],[76.953522,26.115311],[76.941887,26.10811],[76.938713,26.106079],[76.92897,26.10268],[76.918343,26.10265],[76.906319,26.101101],[76.895317,26.098021],[76.887779,26.093323],[76.882881,26.08643],[76.882233,26.078609],[76.876968,26.07205],[76.872559,26.06415],[76.870422,26.05645],[76.86393,26.05168],[76.857742,26.048561],[76.851768,26.04351],[76.845726,26.040279],[76.838097,26.03639],[76.830406,26.029591],[76.84024,26.01129],[76.837051,26.002041],[76.829628,25.99593],[76.82328,25.992722],[76.819847,25.98868],[76.818047,25.98428],[76.818886,25.971251],[76.816246,25.967131],[76.806313,25.952978],[76.7948,25.944221],[76.785912,25.94047],[76.776787,25.939381],[76.760651,25.94253],[76.755913,25.94169],[76.753563,25.939631],[76.752831,25.93581],[76.753448,25.93224],[76.756767,25.92835],[76.762787,25.92531],[76.762413,25.92207],[76.75563,25.916231],[76.745468,25.909231],[76.73333,25.90255],[76.722206,25.900311],[76.714523,25.90099],[76.705482,25.903473],[76.696457,25.90711],[76.684059,25.91021],[76.674362,25.9118],[76.656563,25.91081],[76.646126,25.908852],[76.641418,25.90625],[76.638336,25.90152],[76.63559,25.895929],[76.631683,25.87524],[76.626602,25.870871],[76.616531,25.87125],[76.597473,25.87648],[76.592728,25.874168],[76.585281,25.86772],[76.56678,25.83967],[76.549461,25.825041],[76.541649,25.817402],[76.535492,25.809172],[76.529312,25.797972],[76.522659,25.774342],[76.52224,25.76634],[76.530403,25.74374],[76.530617,25.733971],[76.52655,25.731043],[76.510757,25.730013],[76.502998,25.728609],[76.482391,25.71813],[76.477913,25.706039],[76.477783,25.695061],[76.481758,25.6894],[76.489067,25.683401],[76.507797,25.676121],[76.510803,25.672838],[76.499428,25.64834],[76.500763,25.643303],[76.505386,25.63822],[76.510773,25.638168],[76.514732,25.633678],[76.515793,25.60701],[76.509857,25.58721],[76.509781,25.579821],[76.512398,25.571793],[76.516342,25.565531],[76.520279,25.5569],[76.522209,25.55036],[76.522461,25.54147],[76.520309,25.52993],[76.522598,25.52429],[76.528549,25.51771],[76.534569,25.5135],[76.537872,25.510208],[76.540169,25.505739],[76.542107,25.497431],[76.546692,25.489681],[76.550667,25.484308],[76.55632,25.479811],[76.559593,25.473261],[76.560669,25.44985],[76.564278,25.442402],[76.574257,25.43667],[76.582977,25.435692],[76.588966,25.43149],[76.599052,25.4053],[76.602547,25.388981],[76.60585,25.38867],[76.609573,25.388309],[76.614876,25.384109],[76.616867,25.381613],[76.619156,25.378731],[76.622627,25.376751],[76.625496,25.375111],[76.636292,25.380331],[76.6436,25.376398],[76.657501,25.361441],[76.664833,25.35751],[76.672783,25.350033],[76.681076,25.34548],[76.703217,25.34761],[76.714546,25.34244],[76.722298,25.345921],[76.732048,25.347879],[76.740402,25.34779],[76.753723,25.33934],[76.75872,25.338692],[76.766731,25.336231],[76.766693,25.33297],[76.765846,25.332041],[76.762253,25.32799],[76.759842,25.32268],[76.770096,25.312191],[76.772827,25.31591],[76.795273,25.321821],[76.821747,25.327061],[76.826149,25.326981],[76.833481,25.326851],[76.839767,25.329288],[76.842979,25.330542],[76.853737,25.329712],[76.866997,25.325163],[76.872589,25.32428],[76.881569,25.322861],[76.893227,25.322401],[76.904633,25.31786],[76.915352,25.308981],[76.922958,25.301378],[76.929207,25.297298],[76.93261,25.28747],[76.928703,25.279152],[76.933937,25.275902],[76.941826,25.27536],[76.948387,25.276522],[76.952721,25.278551],[76.955269,25.284599],[76.95668,25.291428],[76.95874,25.29718],[76.992668,25.30183],[77.003372,25.30183],[77.010101,25.30154],[77.017601,25.301559],[77.024193,25.30109],[77.034126,25.311878],[77.038048,25.319361],[77.03936,25.32505],[77.044792,25.322451],[77.04818,25.321091],[77.053001,25.32069],[77.058258,25.321913],[77.063461,25.32415],[77.067856,25.32967],[77.071426,25.33584],[77.07547,25.339691],[77.083061,25.339802],[77.092628,25.337271],[77.101768,25.335121],[77.108116,25.335279],[77.115768,25.33506],[77.121422,25.331251],[77.128906,25.325418],[77.136307,25.324133],[77.149002,25.315363],[77.153557,25.31325],[77.161591,25.31365],[77.167763,25.315521],[77.173409,25.31517],[77.182106,25.313311],[77.190552,25.311661],[77.197388,25.31098],[77.205147,25.31143],[77.200348,25.318729],[77.198601,25.32465],[77.198158,25.330521],[77.205261,25.33305],[77.210701,25.333691],[77.213196,25.331751],[77.209427,25.32865],[77.210396,25.324471],[77.215027,25.324501],[77.218033,25.33131],[77.2174,25.33725],[77.217018,25.349251],[77.22113,25.36108],[77.220261,25.373428],[77.225647,25.37925],[77.234673,25.385061],[77.244156,25.38961],[77.249641,25.394911],[77.259956,25.39946],[77.272957,25.412003],[77.282982,25.42359],[77.295563,25.43169],[77.305298,25.436411],[77.31691,25.43284],[77.329231,25.428572],[77.337067,25.424751],[77.343712,25.422432],[77.354347,25.424023],[77.361343,25.41296],[77.357643,25.409288],[77.353958,25.403629],[77.349747,25.39838],[77.346107,25.3925],[77.344261,25.38793],[77.344673,25.383341],[77.344749,25.379803],[77.348419,25.375551],[77.351692,25.372351],[77.353821,25.369541],[77.356041,25.367889],[77.35511,25.36438],[77.343918,25.33736],[77.336418,25.325581],[77.349342,25.324133],[77.35318,25.33235],[77.363762,25.333],[77.365807,25.328501],[77.36895,25.32465],[77.371788,25.320221],[77.373642,25.315493],[77.374626,25.310572],[77.374802,25.305851],[77.373772,25.30018],[77.373367,25.29937],[77.372589,25.294291],[77.369469,25.288528],[77.366722,25.2854],[77.363029,25.283758],[77.360001,25.28022],[77.349663,25.27177],[77.356682,25.265791],[77.360283,25.260853],[77.362038,25.255932],[77.362717,25.250071],[77.370468,25.250959],[77.375572,25.249022],[77.380043,25.24542],[77.391647,25.23115],[77.400818,25.227701],[77.406403,25.226292],[77.409523,25.212431],[77.411339,25.206591],[77.413727,25.19953],[77.417992,25.193029],[77.414757,25.18943],[77.407677,25.19006],[77.403061,25.186541],[77.390709,25.18819],[77.391327,25.179649],[77.391296,25.1747],[77.38961,25.168388],[77.389183,25.159941],[77.389313,25.151039],[77.38739,25.13809],[77.38694,25.132961],[77.388611,25.127251],[77.393883,25.123301],[77.398109,25.116411],[77.398529,25.113272],[77.395546,25.112],[77.393188,25.11528],[77.392273,25.117411],[77.386673,25.12196],[77.37516,25.116819],[77.368393,25.11413],[77.368507,25.1085],[77.360786,25.104349],[77.357147,25.101551],[77.348679,25.097792],[77.332443,25.096571],[77.328018,25.093401],[77.320381,25.09071],[77.313896,25.087561],[77.309853,25.086391],[77.307007,25.085751],[77.302856,25.08387],[77.295937,25.087103],[77.291336,25.09411],[77.284431,25.104219],[77.275566,25.112131],[77.26226,25.119261],[77.241646,25.11272],[77.220833,25.110243],[77.205811,25.112421],[77.197388,25.116671],[77.188766,25.111801],[77.18306,25.111801],[77.169579,25.11372],[77.162842,25.10972],[77.164581,25.09857],[77.157707,25.08828],[77.140457,25.0909],[77.140167,25.096201],[77.128273,25.08905],[77.114456,25.06909],[77.102493,25.069241],[77.090416,25.06636],[77.084267,25.062641],[77.077232,25.057989],[77.068016,25.05969],[77.061333,25.061392],[77.054947,25.063263],[77.044327,25.065771],[77.039299,25.06811],[77.029343,25.071899],[77.024727,25.0718],[77.020393,25.07144],[77.017647,25.07217],[77.012352,25.074911],[77.005951,25.078569],[77.000298,25.079731],[76.993729,25.07995],[76.983673,25.07756],[76.974663,25.070671],[76.971832,25.066839],[76.97126,25.060581],[76.968666,25.055941],[76.961311,25.053989],[76.953499,25.048458],[76.929878,25.04158],[76.917679,25.040031],[76.909767,25.035671],[76.901062,25.03404],[76.882027,25.0341],[76.878281,25.025831],[76.876717,25.019939],[76.876762,25.018011],[76.876808,25.016062],[76.874489,25.013111],[76.869316,25.011103],[76.860558,25.010389],[76.854347,25.010311],[76.859528,25.00691],[76.868057,25.001369],[76.868713,24.997511],[76.869659,24.991892],[76.86644,24.97179],[76.867279,24.965441],[76.871567,24.961309],[76.873367,24.957573],[76.872063,24.954601],[76.875206,24.95097],[76.879707,24.945761],[76.893227,24.935421],[76.892471,24.92909],[76.89016,24.923059],[76.891228,24.91968],[76.907417,24.92326],[76.920868,24.91678],[76.923531,24.914261],[76.924637,24.910372],[76.920326,24.904881],[76.915756,24.90118],[76.912697,24.897242],[76.912163,24.893131],[76.913857,24.88788],[76.917519,24.88479],[76.921768,24.88372],[76.933983,24.884281],[76.93573,24.878681],[76.941856,24.874708],[76.943237,24.874559],[76.946716,24.874191],[76.948921,24.872869],[76.94664,24.868259],[76.94426,24.865473],[76.943123,24.86006],[76.933243,24.853941],[76.926521,24.849783],[76.915062,24.8487],[76.911537,24.847601],[76.908432,24.845093],[76.895042,24.83951],[76.87809,24.839552],[76.863327,24.84169],[76.857483,24.840981],[76.851311,24.840231],[76.842178,24.840113],[76.837502,24.841061],[76.83165,24.840242],[76.827141,24.83836],[76.823082,24.83485],[76.816727,24.832499],[76.811188,24.828239],[76.802292,24.826571],[76.800667,24.82456],[76.801582,24.819839],[76.804108,24.816601],[76.808693,24.81498],[76.81572,24.803671],[76.82579,24.793381],[76.835876,24.78507],[76.846741,24.769993],[76.847023,24.765051],[76.845016,24.752138],[76.847298,24.750401],[76.860847,24.748699],[76.868126,24.74958],[76.886688,24.75415],[76.896927,24.750601],[76.898308,24.74777],[76.903259,24.74605],[76.909393,24.746811],[76.921692,24.748831],[76.945778,24.76405],[76.951736,24.765461],[76.956322,24.764311],[76.963303,24.75955],[76.963837,24.75046],[76.965332,24.744101],[76.968483,24.73609],[76.971977,24.73167],[76.982307,24.724873],[76.992142,24.717398],[77.004227,24.713661],[77.014076,24.71542],[77.019249,24.714951],[77.022652,24.71372],[77.026657,24.71092],[77.033463,24.70295],[77.0345,24.698469],[77.03492,24.68856],[77.03701,24.682751],[77.048943,24.66131],[77.054146,24.654108],[77.059456,24.64242],[77.060287,24.637703],[77.061127,24.62459],[77.061119,24.61051],[77.060349,24.606091],[77.058327,24.601198],[77.058456,24.59481],[77.063553,24.58534],[77.064697,24.56991],[77.064339,24.564121],[77.061531,24.554779],[77.053383,24.54417],[77.051956,24.54125],[77.050926,24.537148],[77.050308,24.526531],[77.039047,24.52663],[77.031952,24.528799],[77.029976,24.52706],[77.029106,24.523762],[77.026703,24.521412],[77.02478,24.51705],[77.024071,24.501329],[77.02066,24.497931],[77.015892,24.4949],[77.012337,24.49437],[77.008667,24.49494],[77.005997,24.49395],[77.00473,24.491961],[77.004967,24.489389],[77.006889,24.487551],[77.002556,24.4835],[77.001526,24.4779],[76.998199,24.475483],[76.992523,24.47345],[76.97966,24.474628],[76.977539,24.471981],[76.974953,24.46493],[76.965317,24.460861],[76.960167,24.46023],[76.952873,24.46393],[76.941086,24.46735],[76.937088,24.472391],[76.93084,24.4767],[76.922882,24.480652],[76.91465,24.487659],[76.91526,24.5114],[76.917343,24.51697],[76.918907,24.524391],[76.918777,24.529982],[76.918381,24.535601],[76.915688,24.54038],[76.912872,24.54357],[76.90239,24.547522],[76.899826,24.54781],[76.897766,24.543701],[76.892883,24.53969],[76.893593,24.53546],[76.888969,24.52676],[76.879547,24.525311],[76.875732,24.52618],[76.872902,24.53204],[76.874756,24.540451],[76.87413,24.543051],[76.871956,24.545891],[76.866203,24.54936],[76.852821,24.55102],[76.846046,24.55102],[76.838196,24.54847],[76.831146,24.54319],[76.826752,24.53878],[76.819023,24.53656],[76.81459,24.53437],[76.814163,24.53228],[76.814423,24.52965],[76.819221,24.52462],[76.82811,24.510363],[76.834549,24.498301],[76.835327,24.494381],[76.842323,24.49374],[76.845276,24.4909],[76.846786,24.487551],[76.846298,24.475458],[76.850578,24.473949],[76.851326,24.469109],[76.848976,24.46438],[76.84845,24.458761],[76.845917,24.453279],[76.838623,24.454161],[76.837883,24.450588],[76.841171,24.44282],[76.850662,24.437361],[76.851097,24.43539],[76.849266,24.425253],[76.846031,24.41934],[76.842262,24.418188],[76.837692,24.418081],[76.835876,24.416571],[76.8424,24.408508],[76.848343,24.396271],[76.850136,24.388969],[76.848,24.378832],[76.852318,24.374868],[76.851677,24.370241],[76.84906,24.36821],[76.838837,24.3647],[76.836967,24.360708],[76.838211,24.354959],[76.838882,24.342623],[76.840179,24.33872],[76.84491,24.327982],[76.858788,24.312311],[76.859802,24.30529],[76.86264,24.298832],[76.8638,24.293819],[76.863609,24.289761],[76.86705,24.280851],[76.869942,24.276583],[76.874199,24.27109],[76.897362,24.247089],[76.903893,24.241678],[76.911171,24.237612],[76.916451,24.23197],[76.918556,24.2264],[76.919289,24.22069],[76.922577,24.216791],[76.928261,24.213541],[76.931656,24.209539],[76.936852,24.209791],[76.942543,24.208351],[76.944443,24.206291],[76.944832,24.2033],[76.943863,24.198851],[76.933167,24.186871],[76.927238,24.186661],[76.916138,24.188721],[76.914871,24.183371],[76.911186,24.176901],[76.9058,24.153193],[76.89994,24.131111],[76.886253,24.131748],[76.877586,24.13493],[76.876572,24.138378],[76.873329,24.13979],[76.866287,24.13883],[76.856003,24.138941],[76.846077,24.136141],[76.842331,24.132271],[76.835472,24.13125],[76.827728,24.125591],[76.821831,24.126673],[76.814667,24.126511],[76.801117,24.12034],[76.797218,24.121811],[76.790932,24.125759],[76.775627,24.15308],[76.773087,24.158779],[76.76886,24.16468],[76.762619,24.164211],[76.759499,24.165861],[76.757339,24.169703],[76.754997,24.172091],[76.749382,24.172541],[76.735893,24.171843],[76.729393,24.170561],[76.726837,24.165083],[76.720711,24.16172],[76.714706,24.164183],[76.712479,24.16663],[76.701141,24.17144],[76.69519,24.176001],[76.689369,24.183708],[76.684387,24.188641],[76.67421,24.19343],[76.676781,24.210541],[76.684883,24.224833],[76.687782,24.23245],[76.695236,24.242071],[76.698761,24.245121],[76.702499,24.2488],[76.70137,24.25436],[76.699677,24.257839],[76.696648,24.2612],[76.694809,24.267813],[76.693306,24.27405],[76.694916,24.28231],[76.692963,24.285049],[76.684769,24.28269],[76.678749,24.270639],[76.67083,24.271009],[76.668297,24.267382],[76.658211,24.267813],[76.647247,24.272409],[76.642456,24.270111],[76.642227,24.266241],[76.64006,24.26232],[76.634827,24.264059],[76.630081,24.264709],[76.623367,24.264608],[76.616348,24.26284],[76.613953,24.24218],[76.610466,24.241489],[76.600479,24.24498],[76.593246,24.250891],[76.58802,24.249559],[76.587479,24.24605],[76.596657,24.235283],[76.597389,24.229919],[76.59256,24.223871],[76.585861,24.219561],[76.571487,24.213478],[76.567276,24.206911],[76.565773,24.2008],[76.566963,24.197151],[76.569809,24.196289],[76.576988,24.191311],[76.579727,24.180679],[76.57267,24.177299],[76.56633,24.176451],[76.5625,24.172421],[76.554756,24.168221],[76.545967,24.168011],[76.539856,24.16675],[76.535782,24.164211],[76.531433,24.163469],[76.523193,24.163179],[76.51738,24.166578],[76.513336,24.172861],[76.510483,24.179029],[76.508369,24.200232],[76.505386,24.205469],[76.501801,24.20903],[76.496933,24.21204],[76.484421,24.21504],[76.479416,24.21751],[76.474571,24.228703],[76.469948,24.2314],[76.463432,24.22892],[76.461021,24.22541],[76.458626,24.22086],[76.453247,24.216822],[76.447426,24.217741],[76.441841,24.221889],[76.436012,24.225],[76.429451,24.22706],[76.423607,24.22695],[76.418137,24.22436],[76.421722,24.220671],[76.422531,24.21422],[76.418732,24.20834],[76.414436,24.20742],[76.411797,24.209551],[76.400093,24.22279],[76.391243,24.225611],[76.37352,24.2377],[76.365189,24.24131],[76.361206,24.24449],[76.358299,24.246071],[76.352997,24.248911],[76.344177,24.2519],[76.334991,24.253969],[76.326897,24.253618],[76.317879,24.251131],[76.310127,24.246389],[76.302872,24.244431],[76.293922,24.240671],[76.28965,24.23703],[76.288841,24.225571],[76.287163,24.21825],[76.282776,24.215712],[76.276398,24.216511],[76.265381,24.22155],[76.251808,24.224819],[76.247673,24.227921],[76.240463,24.226181],[76.236122,24.223881],[76.223351,24.22327],[76.218216,24.217381],[76.215569,24.216808],[76.210571,24.222841],[76.206223,24.23275],[76.205513,24.24185],[76.203636,24.250589],[76.204376,24.26902],[76.202187,24.276751],[76.194656,24.2848],[76.195602,24.290098],[76.199089,24.2973],[76.204987,24.30571],[76.20623,24.310921],[76.202522,24.31316],[76.194023,24.320869],[76.190048,24.32995],[76.185486,24.331511],[76.181129,24.324881],[76.172127,24.31558],[76.171356,24.310329],[76.172577,24.30722],[76.170021,24.30341],[76.169228,24.296091],[76.162712,24.293362],[76.149521,24.292231],[76.146667,24.290319],[76.143013,24.28529],[76.142227,24.281151],[76.145531,24.26576],[76.148361,24.26403],[76.149773,24.260981],[76.154457,24.243761],[76.152367,24.235458],[76.147049,24.22777],[76.141808,24.223841],[76.131569,24.212448],[76.12336,24.2054],[76.121323,24.19639],[76.120857,24.183599],[76.119957,24.18014],[76.120598,24.17824],[76.125443,24.178141],[76.128891,24.174858],[76.13089,24.16905],[76.13047,24.153669],[76.131737,24.143942],[76.13443,24.139339],[76.136887,24.131338],[76.130737,24.12291],[76.129227,24.118933],[76.130051,24.112141],[76.131287,24.106621],[76.134697,24.09973],[76.134697,24.095289],[76.123276,24.092333],[76.11245,24.09651],[76.108597,24.09713],[76.105156,24.095909],[76.098999,24.08919],[76.090828,24.085741],[76.084541,24.08215],[76.080246,24.08399],[76.063728,24.077909],[76.057487,24.07785],[76.046959,24.07567],[76.04335,24.073961],[76.03997,24.06691],[76.032997,24.064213],[76.026726,24.050463],[76.017937,24.044559],[76.008942,24.0403],[76.002136,24.035231],[76.000282,24.03548],[75.994507,24.0319],[75.990089,24.030069],[75.979752,24.03105],[75.979622,24.032091],[75.973366,24.031441],[75.960182,24.02537],[75.959106,24.009972],[75.96093,24.004271],[75.960243,23.997461],[75.961319,23.994841],[75.963531,23.991659],[75.976753,23.981951],[75.978233,23.98007],[75.980186,23.97438],[75.980186,23.96876],[75.981232,23.96242],[75.979813,23.95216],[75.980927,23.94302],[75.97599,23.93899],[75.975822,23.93294],[75.974091,23.93153],[75.966522,23.929871],[75.948227,23.92226],[75.946587,23.920712],[75.944336,23.916208],[75.938087,23.912209],[75.931808,23.901939],[75.926956,23.90189],[75.921227,23.904171],[75.905472,23.896063],[75.90126,23.89502],[75.896553,23.8927],[75.893936,23.893082],[75.888786,23.89172],[75.886337,23.888599],[75.878616,23.88456],[75.872368,23.888182],[75.867096,23.89399],[75.863518,23.895401],[75.860657,23.89559],[75.856613,23.894001],[75.853416,23.894201],[75.841423,23.888439],[75.839737,23.882561],[75.837036,23.881329],[75.830406,23.88476],[75.817856,23.87936],[75.813942,23.874269],[75.802658,23.871111],[75.79422,23.87431],[75.791023,23.87215],[75.785149,23.86537],[75.785057,23.85981],[75.783852,23.857731],[75.779922,23.8547],[75.777061,23.85387],[75.769623,23.854441],[75.761627,23.85689],[75.759949,23.861992],[75.759171,23.881329],[75.757126,23.88419],[75.749748,23.89002],[75.740059,23.89422],[75.736473,23.894091],[75.734207,23.899523],[75.731323,23.901501],[75.728218,23.9021],[75.722816,23.90062],[75.715492,23.90152],[75.712997,23.89996],[75.710579,23.9004],[75.707077,23.902889],[75.702332,23.904051],[75.700867,23.901279],[75.700943,23.894911],[75.698639,23.89123],[75.697739,23.88772],[75.698128,23.877108],[75.701317,23.87496],[75.703552,23.875431],[75.704742,23.87476],[75.706566,23.868181],[75.717537,23.864773],[75.727547,23.86451],[75.729111,23.85821],[75.728157,23.855051],[75.726372,23.853432],[75.723961,23.848011],[75.720673,23.846781],[75.717873,23.846981],[75.715721,23.845591],[75.717949,23.84004],[75.718727,23.832361],[75.722168,23.826912],[75.720833,23.823641],[75.716751,23.822121],[75.715881,23.82102],[75.71785,23.819033],[75.715691,23.817051],[75.713219,23.816471],[75.708786,23.818098],[75.702591,23.817131],[75.690247,23.819611],[75.687401,23.81925],[75.68692,23.81769],[75.688263,23.814081],[75.694038,23.80455],[75.694519,23.797543],[75.698669,23.79184],[75.698288,23.788],[75.696716,23.78529],[75.690079,23.775982],[75.687347,23.773331],[75.68515,23.766649],[75.684479,23.760569],[75.67907,23.769548],[75.676056,23.782129],[75.674408,23.784468],[75.671227,23.7868],[75.667473,23.788198],[75.662636,23.78816],[75.659088,23.78894],[75.656807,23.791788],[75.651833,23.801949],[75.649307,23.799351],[75.643677,23.80183],[75.641083,23.802259],[75.637039,23.802361],[75.625946,23.800261],[75.623962,23.80052],[75.616623,23.805971],[75.612137,23.80662],[75.607979,23.8055],[75.606087,23.80364],[75.591682,23.802391],[75.582527,23.80036],[75.582947,23.803801],[75.5849,23.808811],[75.584457,23.81402],[75.583313,23.815208],[75.572792,23.816851],[75.566032,23.815689],[75.562531,23.816931],[75.558502,23.82016],[75.556061,23.825932],[75.556633,23.83161],[75.560081,23.836851],[75.561508,23.836981],[75.569313,23.834641],[75.572296,23.834831],[75.57486,23.838011],[75.57618,23.841511],[75.576401,23.84329],[75.573067,23.846479],[75.567207,23.84763],[75.565369,23.849861],[75.562462,23.858143],[75.560623,23.859951],[75.557159,23.862791],[75.552528,23.865158],[75.53788,23.87673],[75.528763,23.88026],[75.516747,23.88875],[75.507347,23.890621],[75.504097,23.891911],[75.499931,23.89691],[75.499573,23.90052],[75.487427,23.910843],[75.476837,23.91474],[75.460899,23.91729],[75.456497,23.92074],[75.455933,23.92544],[75.456367,23.93215],[75.45723,23.938181],[75.460587,23.94762],[75.4617,23.953421],[75.462379,23.968102],[75.464767,23.980728],[75.467209,23.984529],[75.470558,23.9872],[75.480583,23.992331],[75.485977,23.998331],[75.489197,24.000313],[75.491768,24.004551],[75.514381,24.048733],[75.531921,24.031481],[75.542648,24.02556],[75.552643,24.022711],[75.561119,24.023579],[75.566933,24.022711],[75.571716,24.017401],[75.568817,24.00461],[75.568367,24.001141],[75.569321,23.999371],[75.573769,23.99848],[75.575966,24.000629],[75.577797,23.99962],[75.580368,23.994303],[75.583839,23.99192],[75.586937,23.99563],[75.59005,23.99634],[75.592628,23.99486],[75.597427,23.99864],[75.604126,23.996281],[75.606789,23.99625],[75.611748,23.99876],[75.624718,23.998821],[75.630516,23.999668],[75.631203,24.000313],[75.634743,23.99983],[75.638466,24.002831],[75.639221,24.004631],[75.641472,24.01837],[75.645912,24.017469],[75.648148,24.020731],[75.647667,24.023201],[75.653137,24.027578],[75.659363,24.0315],[75.669197,24.033543],[75.672691,24.030899],[75.677032,24.020111],[75.682289,24.016953],[75.685806,24.017941],[75.684311,24.004631],[75.685333,24.00235],[75.68354,23.998211],[75.684067,23.993111],[75.686386,23.990549],[75.690651,23.989481],[75.693108,23.98921],[75.696136,23.990391],[75.69648,23.987511],[75.69545,23.985901],[75.697899,23.97208],[75.698456,23.970079],[75.700409,23.969061],[75.713821,23.97208],[75.723312,23.973131],[75.725159,23.97452],[75.726479,23.978771],[75.727768,23.979521],[75.733093,23.97893],[75.735512,23.98056],[75.736267,23.982349],[75.736023,23.984751],[75.738152,23.988161],[75.737381,23.994061],[75.737846,23.995333],[75.747566,23.993471],[75.749573,23.99509],[75.755333,23.994923],[75.762039,23.997952],[75.764313,24.002428],[75.764053,24.004581],[75.764153,24.005301],[75.760086,24.00843],[75.760887,24.012911],[75.763199,24.013968],[75.767822,24.011681],[75.771271,24.012211],[75.773773,24.01911],[75.777786,24.027519],[75.780243,24.036261],[75.777718,24.05714],[75.779617,24.06208],[75.789017,24.063299],[75.807266,24.0676],[75.813347,24.071621],[75.82074,24.070601],[75.829506,24.071953],[75.833763,24.07543],[75.83139,24.077122],[75.830551,24.081591],[75.832672,24.095741],[75.835861,24.104],[75.835793,24.111351],[75.830643,24.107929],[75.812187,24.102871],[75.80835,24.113359],[75.802399,24.11833],[75.789612,24.1098],[75.784782,24.118349],[75.783173,24.122681],[75.77903,24.12462],[75.778687,24.13467],[75.776299,24.138962],[75.773163,24.139442],[75.765106,24.136631],[75.762138,24.14101],[75.75943,24.14035],[75.743492,24.139601],[75.750656,24.16165],[75.753319,24.164341],[75.758278,24.174553],[75.758911,24.179611],[75.763657,24.189781],[75.768623,24.1933],[75.769676,24.197741],[75.767822,24.207548],[75.773506,24.220892],[75.778839,24.224409],[75.791893,24.223242],[75.795349,24.22687],[75.79953,24.229231],[75.805336,24.229719],[75.807762,24.240671],[75.810608,24.24198],[75.814247,24.239599],[75.816597,24.241949],[75.821297,24.24103],[75.826363,24.242571],[75.826881,24.24641],[75.82251,24.247339],[75.818062,24.24996],[75.812691,24.256882],[75.812531,24.260651],[75.818527,24.268223],[75.811783,24.27043],[75.812897,24.27709],[75.811432,24.284721],[75.816826,24.290751],[75.810951,24.29804],[75.812996,24.300678],[75.811203,24.30345],[75.803001,24.31233],[75.797417,24.314348],[75.790016,24.311098],[75.781036,24.30864],[75.770851,24.308771],[75.765091,24.310659],[75.756256,24.327223],[75.737923,24.347971],[75.740517,24.349743],[75.741806,24.352968],[75.741783,24.361073],[75.738693,24.361258],[75.738297,24.36619],[75.739578,24.388931],[75.738571,24.3953],[75.735336,24.3944],[75.729683,24.3895],[75.726883,24.405279],[75.728302,24.407492],[75.729797,24.403608],[75.735817,24.403433],[75.743279,24.40501],[75.745003,24.40708],[75.75528,24.409309],[75.755836,24.421053],[75.756409,24.42767],[75.748726,24.42841],[75.752419,24.43157],[75.768242,24.44035],[75.775673,24.448261],[75.776176,24.45388],[75.781281,24.453911],[75.783577,24.45183],[75.785751,24.45509],[75.786087,24.45842],[75.784096,24.464731],[75.786758,24.47183],[75.79113,24.475203],[75.795647,24.473122],[75.805023,24.472771],[75.815109,24.465113],[75.816467,24.458521],[75.814171,24.44809],[75.809647,24.441231],[75.812546,24.436781],[75.824127,24.43079],[75.829002,24.42252],[75.847252,24.41897],[75.861206,24.42333],[75.875229,24.430281],[75.88649,24.43693],[75.898621,24.441591],[75.903389,24.446131],[75.903351,24.453939],[75.908997,24.456141],[75.909439,24.463631],[75.907288,24.469511],[75.908112,24.47813],[75.912453,24.48558],[75.911819,24.49242],[75.906746,24.498041],[75.905472,24.505308],[75.891052,24.509588],[75.892563,24.52153],[75.89695,24.522261],[75.902161,24.52202],[75.902893,24.51972],[75.909348,24.514881],[75.922043,24.527281],[75.925041,24.5334],[75.925018,24.5383],[75.920517,24.54381],[75.916718,24.546688],[75.907036,24.550461],[75.906616,24.5522],[75.905708,24.560593],[75.907822,24.565363],[75.909561,24.564508],[75.913208,24.56529],[75.915848,24.567369],[75.917397,24.57148],[75.915123,24.574591],[75.911072,24.577051],[75.90287,24.576811],[75.897713,24.58045],[75.893723,24.581671],[75.884361,24.581739],[75.875816,24.59078],[75.876686,24.599649],[75.874077,24.607111],[75.865662,24.60734],[75.863457,24.612921],[75.852547,24.614321],[75.848167,24.61116],[75.845016,24.610361],[75.842331,24.600243],[75.838356,24.59569],[75.835442,24.597563],[75.839203,24.608749],[75.828148,24.61335],[75.83036,24.619951],[75.83429,24.623751],[75.838127,24.623602],[75.842873,24.62612],[75.846207,24.631401],[75.844116,24.634722],[75.843933,24.639271],[75.848808,24.653061],[75.848648,24.664551],[75.843903,24.66935],[75.837067,24.669998],[75.828186,24.668222],[75.827141,24.671501],[75.831543,24.679741],[75.833687,24.685951],[75.842026,24.717461],[75.838753,24.72987],[75.827812,24.736353],[75.805458,24.756269],[75.786186,24.76553],[75.780647,24.763161],[75.772598,24.762041],[75.759682,24.764799],[75.741806,24.760361],[75.730759,24.75555],[75.723068,24.75013],[75.711777,24.74543],[75.680046,24.727831],[75.659187,24.7017],[75.634003,24.691151],[75.613327,24.688421],[75.609436,24.689993],[75.6026,24.701271],[75.581902,24.7227],[75.568993,24.7199],[75.552101,24.71377],[75.548546,24.715561],[75.541222,24.71669],[75.53508,24.720018],[75.527481,24.717911],[75.505867,24.709421],[75.483467,24.69762],[75.451897,24.693218],[75.437538,24.69553],[75.419701,24.699961],[75.396439,24.704559],[75.378143,24.706369],[75.363899,24.709518],[75.350868,24.7171],[75.304367,24.720741],[75.285843,24.725901],[75.267242,24.732719],[75.262001,24.733061],[75.249542,24.729141],[75.24247,24.73048],[75.228409,24.735102],[75.22406,24.73546],[75.221413,24.733459],[75.219368,24.723051],[75.216949,24.72241],[75.201912,24.746141],[75.198189,24.756901],[75.195618,24.76001],[75.186852,24.760321],[75.185593,24.763041],[75.185516,24.768051],[75.187683,24.770073],[75.189507,24.774641],[75.192299,24.78875],[75.195328,24.789711],[75.202713,24.788801],[75.203583,24.792471],[75.202698,24.796288],[75.203568,24.801689],[75.206421,24.809931],[75.217377,24.820461],[75.222473,24.81896],[75.23661,24.82024],[75.241341,24.819429],[75.246712,24.82184],[75.249481,24.826391],[75.251549,24.832218],[75.251923,24.83717],[75.249687,24.840811],[75.246162,24.84417],[75.241043,24.846861],[75.233788,24.846621],[75.227737,24.847759],[75.225502,24.85104],[75.226013,24.854851],[75.221703,24.858191],[75.218483,24.85948],[75.210381,24.871429],[75.206703,24.879101],[75.201317,24.884201],[75.202881,24.8881],[75.206093,24.891611],[75.208206,24.897751],[75.207428,24.90465],[75.208191,24.91],[75.212646,24.91007],[75.2192,24.906488],[75.221352,24.9028],[75.219696,24.8922],[75.223419,24.89003],[75.230598,24.894421],[75.23613,24.8993],[75.241241,24.902632],[75.244377,24.90204],[75.247749,24.899918],[75.249947,24.895691],[75.247971,24.88089],[75.236671,24.87089],[75.227386,24.85915],[75.22953,24.857481],[75.23407,24.858311],[75.241692,24.860941],[75.247696,24.859509],[75.25235,24.859509],[75.259796,24.857521],[75.271217,24.856359],[75.278938,24.853491],[75.283821,24.850019],[75.290421,24.840919],[75.29422,24.830379],[75.297699,24.82637],[75.298416,24.819908],[75.300491,24.815243],[75.305733,24.81333],[75.313011,24.81354],[75.319817,24.817793],[75.323616,24.823961],[75.330231,24.83173],[75.33744,24.83371],[75.344078,24.83279],[75.355057,24.837431],[75.36396,24.842522],[75.399651,24.85491],[75.410507,24.861238],[75.417099,24.863901],[75.417282,24.86861],[75.420631,24.877331],[75.420593,24.881632],[75.424217,24.892752],[75.414169,24.893009],[75.407539,24.891911],[75.398697,24.88835],[75.371971,24.877981],[75.350067,24.88497],[75.335342,24.886671],[75.325966,24.887009],[75.321243,24.882662],[75.317657,24.875151],[75.311302,24.869459],[75.299049,24.87026],[75.294113,24.87138],[75.288078,24.879681],[75.279282,24.88455],[75.272652,24.88693],[75.265083,24.88817],[75.261452,24.88966],[75.259659,24.89982],[75.260773,24.90534],[75.264252,24.90731],[75.267029,24.914211],[75.271713,24.91787],[75.274086,24.917048],[75.274857,24.91433],[75.277969,24.91308],[75.278679,24.917492],[75.282372,24.922541],[75.284828,24.9228],[75.287933,24.92053],[75.291901,24.920918],[75.293083,24.92318],[75.291168,24.924961],[75.287903,24.926262],[75.284882,24.93712],[75.275803,24.940271],[75.277222,24.947901],[75.271652,24.949421],[75.269997,24.95627],[75.266312,24.96192],[75.268448,24.96553],[75.271492,24.96822],[75.275902,24.97673],[75.285362,24.97669],[75.285561,24.964123],[75.288147,24.962631],[75.287781,24.959633],[75.289803,24.956112],[75.290459,24.952021],[75.294296,24.948709],[75.300186,24.946821],[75.302673,24.943161],[75.303513,24.94018],[75.302292,24.934879],[75.303162,24.930613],[75.306107,24.92898],[75.308327,24.926291],[75.312172,24.91106],[75.312103,24.899918],[75.313873,24.90044],[75.317543,24.907221],[75.325409,24.938091],[75.328751,24.945631],[75.334267,24.950611],[75.337486,24.9631],[75.335411,24.96471],[75.333733,24.967451],[75.331276,24.97607],[75.326363,24.97616],[75.32312,24.982241],[75.322083,24.989613],[75.322037,24.99613],[75.323112,25.00091],[75.318947,25.00651],[75.322487,25.01339],[75.329491,25.01763],[75.343102,25.022301],[75.350616,25.024839],[75.351547,25.02516],[75.353622,25.02873],[75.350052,25.033272],[75.35424,25.037371],[75.349617,25.041731],[75.345589,25.042801],[75.336159,25.044889],[75.32267,25.044252],[75.310486,25.04608],[75.300163,25.04402],[75.292557,25.042883],[75.278267,25.044701],[75.265976,25.04307],[75.255623,25.040043],[75.244591,25.03993],[75.237541,25.04192],[75.227081,25.03853],[75.218216,25.041441],[75.205482,25.04241],[75.203552,25.03883],[75.200562,25.034498],[75.195091,25.037519],[75.19442,25.037701],[75.191757,25.038368],[75.18531,25.04253],[75.182091,25.047581],[75.173782,25.053793],[75.166962,25.044201],[75.159126,25.045471],[75.156281,25.03544],[75.154709,25.02887],[75.15921,25.024071],[75.165253,25.02232],[75.168602,25.013191],[75.169243,25.00997],[75.166763,25.006109],[75.164398,24.991661],[75.162567,24.991701],[75.161316,24.990089],[75.160896,24.987612],[75.152153,24.988689],[75.145828,24.986431],[75.14386,24.987053],[75.140373,24.987131],[75.138023,24.986362],[75.134323,24.98266],[75.147758,24.98164],[75.149086,24.98122],[75.146851,24.97958],[75.136566,24.978741],[75.13472,24.97772],[75.13353,24.975243],[75.119827,24.97576],[75.119057,24.974752],[75.115707,24.965391],[75.115349,24.961128],[75.115692,24.95365],[75.117729,24.946341],[75.119423,24.91814],[75.114937,24.91184],[75.117706,24.905161],[75.119431,24.89583],[75.118866,24.88904],[75.114983,24.887138],[75.090111,24.87973],[75.088341,24.8811],[75.087029,24.883471],[75.086639,24.88658],[75.085327,24.888891],[75.081673,24.889139],[75.076851,24.88884],[75.073532,24.88731],[75.0662,24.878391],[75.063148,24.877468],[75.05928,24.8813],[75.056343,24.881941],[75.056267,24.880911],[75.058777,24.87771],[75.059853,24.874731],[75.057137,24.871052],[75.051086,24.864889],[75.043388,24.859228],[75.034111,24.858601],[75.029747,24.86054],[75.022919,24.86562],[75.019493,24.86693],[75.015083,24.870201],[75.012611,24.874081],[74.997673,24.87661],[74.991043,24.875002],[74.987511,24.875973],[74.984169,24.87763],[74.977333,24.87748],[74.971733,24.875389],[74.963539,24.874081],[74.956337,24.87496],[74.948837,24.87812],[74.944809,24.877911],[74.950432,24.889971],[74.950203,24.89295],[74.948738,24.8948],[74.94622,24.893921],[74.939697,24.89348],[74.935471,24.89522],[74.930779,24.89397],[74.929512,24.88789],[74.926956,24.890369],[74.923683,24.892071],[74.920082,24.89185],[74.919518,24.894831],[74.916153,24.899441],[74.912521,24.899099],[74.906883,24.90716],[74.911743,24.918873],[74.911003,24.923281],[74.912933,24.928389],[74.907356,24.928671],[74.904289,24.930111],[74.902657,24.934681],[74.902603,24.937271],[74.900543,24.939741],[74.889923,24.94145],[74.884697,24.94976],[74.87912,24.94879],[74.877281,24.93939],[74.870857,24.937201],[74.867203,24.936941],[74.865723,24.94327],[74.863876,24.947571],[74.863518,24.957291],[74.862038,24.96283],[74.862099,24.965839],[74.853203,24.97472],[74.846352,24.974291],[74.83271,24.967451],[74.830612,24.96191],[74.831146,24.95731],[74.826271,24.952209],[74.824989,24.94589],[74.82534,24.940451],[74.824219,24.9401],[74.823608,24.928501],[74.824112,24.91481],[74.827133,24.89913],[74.831619,24.89892],[74.835121,24.897039],[74.837837,24.897211],[74.839417,24.89287],[74.840157,24.88055],[74.842377,24.874969],[74.845657,24.872103],[74.852913,24.860331],[74.855888,24.853201],[74.856049,24.84717],[74.857483,24.842999],[74.859032,24.82901],[74.859039,24.82016],[74.85746,24.817848],[74.852966,24.815531],[74.845978,24.81484],[74.837517,24.80846],[74.840782,24.803419],[74.848892,24.79266],[74.851448,24.79266],[74.857941,24.794621],[74.859467,24.799549],[74.858566,24.813061],[74.867851,24.81312],[74.870232,24.812052],[74.878052,24.813181],[74.88015,24.810501],[74.880539,24.807968],[74.884682,24.802431],[74.891953,24.79911],[74.897438,24.79921],[74.905182,24.797461],[74.909973,24.788219],[74.916946,24.787182],[74.922073,24.788441],[74.929413,24.795483],[74.938553,24.79479],[74.945953,24.791719],[74.955421,24.79244],[74.961578,24.79117],[74.970383,24.790861],[74.990013,24.793819],[74.998329,24.79771],[75.007057,24.796061],[75.012932,24.79381],[75.016296,24.78595],[75.01796,24.780731],[75.02005,24.77445],[75.021378,24.77286],[75.021339,24.770269],[75.021317,24.76716],[75.020233,24.752768],[74.997093,24.75421],[74.993431,24.752729],[74.992027,24.743811],[74.990753,24.733768],[74.992119,24.728262],[74.995216,24.716141],[74.996643,24.71599],[74.999413,24.713791],[75.000351,24.710569],[74.999893,24.708488],[74.996559,24.706842],[74.993713,24.70579],[74.990433,24.706348],[74.964111,24.700468],[74.962166,24.700842],[74.964859,24.694542],[74.9599,24.688751],[74.959908,24.68672],[74.961029,24.68609],[74.961823,24.683701],[74.961983,24.679581],[74.961166,24.67889],[74.959236,24.679901],[74.957283,24.68269],[74.951973,24.67646],[74.95266,24.673851],[74.952026,24.670313],[74.943008,24.668898],[74.941818,24.666821],[74.943878,24.662283],[74.942856,24.660391],[74.939178,24.661711],[74.937187,24.660151],[74.934761,24.661848],[74.929451,24.65917],[74.919868,24.658421],[74.914787,24.65942],[74.91301,24.660412],[74.909653,24.660431],[74.908546,24.661579],[74.90564,24.660339],[74.902466,24.656311],[74.897003,24.66556],[74.893532,24.663858],[74.893532,24.66098],[74.894508,24.65815],[74.892853,24.65535],[74.887917,24.657722],[74.88018,24.668011],[74.87767,24.665781],[74.875023,24.66748],[74.873436,24.669481],[74.872688,24.67592],[74.869759,24.678789],[74.866913,24.690521],[74.865211,24.69207],[74.862457,24.692343],[74.859833,24.69389],[74.858536,24.702181],[74.856361,24.705179],[74.853966,24.704121],[74.855316,24.699221],[74.854317,24.696711],[74.85183,24.69659],[74.849846,24.69865],[74.849709,24.706331],[74.848846,24.708721],[74.834877,24.732],[74.829292,24.745901],[74.818542,24.765341],[74.814957,24.78145],[74.809807,24.7964],[74.799316,24.795641],[74.798477,24.790541],[74.801147,24.78669],[74.801918,24.766541],[74.803146,24.754852],[74.799789,24.751711],[74.792549,24.750181],[74.786079,24.74692],[74.780052,24.742748],[74.781372,24.74085],[74.783867,24.73035],[74.788376,24.728031],[74.789658,24.726631],[74.787537,24.72193],[74.783157,24.71822],[74.784416,24.712641],[74.783859,24.709511],[74.780891,24.70509],[74.779648,24.700661],[74.777313,24.69669],[74.777863,24.693218],[74.775276,24.687731],[74.776062,24.68606],[74.785713,24.679941],[74.789467,24.67894],[74.791977,24.68158],[74.792343,24.68432],[74.809669,24.686531],[74.813339,24.68615],[74.817757,24.67992],[74.817749,24.67647],[74.817108,24.671671],[74.814827,24.669771],[74.811378,24.67164],[74.808739,24.669962],[74.804947,24.659561],[74.802376,24.656919],[74.799347,24.65657],[74.794937,24.654701],[74.793022,24.65156],[74.793503,24.649441],[74.791389,24.64543],[74.783447,24.636761],[74.784836,24.62929],[74.787819,24.620781],[74.787376,24.617592],[74.79055,24.617401],[74.790123,24.61076],[74.786331,24.610109],[74.781761,24.60717],[74.777237,24.605391],[74.770653,24.605843],[74.760178,24.601391],[74.755951,24.600679],[74.747971,24.596809],[74.746689,24.592993],[74.750313,24.588661],[74.751541,24.586111],[74.753777,24.578381],[74.755478,24.57099],[74.756981,24.56365],[74.756348,24.559891],[74.757462,24.55682],[74.756752,24.554621],[74.752342,24.55237],[74.748543,24.551729],[74.747597,24.54768],[74.749619,24.54254],[74.747711,24.53624],[74.728561,24.53479],[74.723427,24.531151],[74.715706,24.522831],[74.711937,24.510941],[74.712906,24.50922],[74.715553,24.50824],[74.723709,24.510401],[74.727188,24.510771],[74.730827,24.510031],[74.735046,24.50362],[74.750656,24.492001],[74.757317,24.488823],[74.760818,24.488571],[74.766197,24.49065],[74.7733,24.4851],[74.778999,24.483381],[74.781532,24.484861],[74.784958,24.489891],[74.791878,24.493271],[74.795952,24.49325],[74.801651,24.492081],[74.808006,24.49304],[74.810837,24.492001],[74.814507,24.49221],[74.816841,24.491171],[74.82238,24.487801],[74.824196,24.483549],[74.824699,24.479231],[74.820107,24.4729],[74.818268,24.46195],[74.833786,24.460421],[74.83651,24.465391],[74.840851,24.46722],[74.844551,24.46591],[74.849358,24.46664],[74.85067,24.468828],[74.854111,24.470209],[74.858131,24.467333],[74.856956,24.46328],[74.858177,24.45554],[74.857498,24.451502],[74.853897,24.449503],[74.847748,24.44356],[74.845863,24.440731],[74.835159,24.42952],[74.827011,24.423601],[74.827232,24.416809],[74.826393,24.41069],[74.825241,24.408333],[74.814796,24.41069],[74.812317,24.409151],[74.805412,24.395451],[74.802277,24.387341],[74.798332,24.384161],[74.793159,24.376141],[74.788353,24.371771],[74.786987,24.371651],[74.784622,24.367361],[74.781677,24.358351],[74.782761,24.35466],[74.786217,24.348801],[74.786339,24.343861],[74.783791,24.3361],[74.783173,24.319429],[74.784821,24.321131],[74.78363,24.316801],[74.767052,24.304461],[74.757462,24.296221],[74.753021,24.289391],[74.752808,24.28266],[74.754791,24.278971],[74.766479,24.27342],[74.772537,24.27198],[74.779686,24.27261],[74.790298,24.271872],[74.815163,24.27701],[74.819649,24.27626],[74.825783,24.2733],[74.832649,24.27157],[74.838913,24.271238],[74.843903,24.270161],[74.853317,24.269979],[74.85659,24.2722],[74.859756,24.272991],[74.862556,24.273701],[74.864037,24.27396],[74.86972,24.280708],[74.875427,24.278021],[74.885307,24.26874],[74.889053,24.26685],[74.894287,24.261681],[74.897003,24.24918],[74.904053,24.245878],[74.905441,24.24531],[74.907257,24.24081],[74.905853,24.233721],[74.902718,24.23101],[74.898216,24.229071],[74.889709,24.226891],[74.886711,24.22492],[74.880173,24.21648],[74.881126,24.213503],[74.897293,24.18704],[74.897659,24.182371],[74.899483,24.17844],[74.900337,24.174301],[74.920189,24.162848],[74.921463,24.16025],[74.927513,24.15715],[74.923508,24.149281],[74.92469,24.145231],[74.936653,24.138981],[74.93898,24.12789],[74.93618,24.12377],[74.93914,24.121111],[74.954872,24.11204],[74.959518,24.11009],[74.960892,24.105501],[74.960747,24.09416],[74.961861,24.08963],[74.965172,24.082722],[74.971558,24.07786],[74.976257,24.07601],[74.979408,24.072012],[74.981216,24.04104],[74.990387,24.03344],[74.992989,24.029701],[74.992363,24.023232],[74.987793,24.014332],[74.979813,24.009899],[74.972229,24.00363],[74.972923,23.991053],[74.968697,23.979731],[74.963348,23.973671],[74.94146,23.96052],[74.937607,23.956081],[74.931519,23.946819],[74.931122,23.94491],[74.929848,23.940962],[74.924316,23.93861],[74.92131,23.935713],[74.923607,23.92927],[74.923378,23.92491],[74.917427,23.91757],[74.914619,23.91247],[74.913857,23.90336],[74.9105,23.88851],[74.907242,23.876751],[74.905678,23.873911],[74.90519,23.868111],[74.906883,23.85638],[74.91024,23.852131],[74.913139,23.849861],[74.915817,23.845671],[74.913261,23.83663],[74.911919,23.812611],[74.910339,23.80084],[74.915009,23.799189],[74.92762,23.79833],[74.929932,23.794209],[74.937851,23.776711],[74.939476,23.770672],[74.939926,23.76585],[74.931877,23.75811],[74.931923,23.756418],[74.938103,23.74288],[74.940567,23.734871],[74.931992,23.72834],[74.92424,23.719151],[74.922897,23.713869],[74.92305,23.696581],[74.917458,23.69212],[74.910439,23.687981],[74.907623,23.682831],[74.909912,23.676901],[74.924217,23.668501],[74.928383,23.65316],[74.930611,23.648218],[74.93898,23.643188],[74.940346,23.636923],[74.93972,23.630371],[74.927879,23.62438],[74.921936,23.622311],[74.909569,23.624161],[74.906029,23.622952],[74.898033,23.612183],[74.886093,23.606428],[74.884941,23.60331],[74.879379,23.595961],[74.877327,23.594391],[74.874573,23.590111],[74.875023,23.583549],[74.87265,23.57822],[74.869331,23.574799],[74.861717,23.57234],[74.858986,23.5695],[74.851479,23.5574],[74.845421,23.554171],[74.837578,23.553211],[74.830093,23.54952],[74.819237,23.540798],[74.815758,23.539619],[74.812309,23.538431],[74.802887,23.534052],[74.798759,23.54044],[74.796333,23.546261],[74.792099,23.548641],[74.785011,23.548031],[74.774063,23.543303],[74.770729,23.53577],[74.763939,23.524712],[74.757072,23.522173],[74.742371,23.51948],[74.737778,23.506781],[74.733658,23.500521],[74.725891,23.498461],[74.718773,23.50358],[74.710899,23.50563],[74.700661,23.503681],[74.687408,23.49581],[74.687767,23.492201],[74.683716,23.486589],[74.680939,23.48509],[74.674461,23.485682],[74.669327,23.483892],[74.664093,23.473341],[74.658943,23.466801],[74.654732,23.46442],[74.652237,23.46339],[74.636429,23.464062],[74.626991,23.461981],[74.61338,23.461361],[74.613121,23.451551],[74.598457,23.42976],[74.591469,23.425131],[74.579666,23.422421],[74.57402,23.422543],[74.573143,23.419243],[74.572411,23.383329],[74.570717,23.37775],[74.565216,23.375221],[74.560226,23.364491],[74.555809,23.36298],[74.54583,23.363798],[74.543709,23.35899],[74.542717,23.33869],[74.538399,23.334],[74.520287,23.331692],[74.518303,23.32873],[74.519249,23.321938],[74.520851,23.321602],[74.530327,23.324141],[74.533661,23.32303],[74.534508,23.32037],[74.53421,23.31399],[74.535683,23.309523],[74.540627,23.305113],[74.543907,23.300053],[74.548569,23.28676],[74.553467,23.28252],[74.558228,23.285311],[74.562103,23.292089],[74.567352,23.298462],[74.571922,23.300892],[74.577286,23.29735],[74.586761,23.28446],[74.592659,23.283581],[74.599052,23.28363],[74.606697,23.28536],[74.615303,23.284601],[74.622292,23.28134],[74.626556,23.275999],[74.629562,23.265841],[74.632141,23.263401],[74.646248,23.25972],[74.652222,23.260813],[74.666496,23.271111],[74.673126,23.27487],[74.680489,23.275263],[74.701149,23.272142],[74.701622,23.26675],[74.703346,23.261642],[74.710266,23.258141],[74.714897,23.25296],[74.718536,23.24601],[74.722153,23.242512],[74.713249,23.23632],[74.703812,23.23315],[74.695541,23.22859],[74.695007,23.22308],[74.699608,23.220341],[74.702606,23.219702],[74.712883,23.221359],[74.718956,23.219433],[74.724319,23.220119],[74.732948,23.223751],[74.73996,23.22863],[74.74054,23.22904],[74.740982,23.22934],[74.745796,23.23271],[74.750839,23.230381],[74.746033,23.215361],[74.745697,23.212111],[74.734779,23.2064],[74.721138,23.19698],[74.715523,23.19467],[74.687569,23.196701],[74.669159,23.20149],[74.665321,23.19825],[74.659836,23.187891],[74.654747,23.18203],[74.641983,23.172663],[74.625679,23.162941],[74.617828,23.151932],[74.614159,23.148331],[74.608063,23.144821],[74.597237,23.141993],[74.588631,23.14147],[74.580078,23.139971],[74.573631,23.137199],[74.56604,23.135233],[74.5457,23.132071],[74.547516,23.11849],[74.546501,23.112808],[74.542656,23.106901],[74.535439,23.101513],[74.523277,23.098911],[74.513603,23.095901],[74.512283,23.088831],[74.491402,23.088383],[74.467247,23.085258],[74.458237,23.087061],[74.445442,23.092932],[74.439316,23.09808],[74.433167,23.10568],[74.426102,23.10603],[74.418846,23.108471],[74.414093,23.110962],[74.406837,23.111771],[74.39119,23.112],[74.387672,23.110441],[74.366966,23.09552],[74.361122,23.090311],[74.359543,23.0805],[74.355103,23.075802],[74.347878,23.070801],[74.339279,23.066971],[74.322777,23.062691],[74.318291,23.067251],[74.315521,23.072121],[74.310173,23.07954],[74.303917,23.083893],[74.286781,23.0917],[74.282539,23.095013],[74.280777,23.100981],[74.282028,23.10643],[74.288147,23.118731],[74.284912,23.12458],[74.279541,23.129971],[74.277626,23.13397],[74.276619,23.139772],[74.271828,23.15601],[74.267067,23.16597],[74.261856,23.1716],[74.257019,23.174721],[74.252426,23.176168],[74.249779,23.178431],[74.246033,23.188259],[74.237022,23.182701],[74.22934,23.184021],[74.207542,23.192051],[74.204163,23.189091],[74.200081,23.183741],[74.194122,23.17856],[74.189537,23.171841],[74.189148,23.157909],[74.186607,23.152521],[74.182991,23.15222],[74.16494,23.156481],[74.16069,23.15554],[74.155167,23.157751],[74.148453,23.17205],[74.145691,23.17523],[74.136177,23.17771],[74.130516,23.177643],[74.127022,23.17885],[74.124481,23.188],[74.124527,23.190441],[74.12252,23.19157],[74.123497,23.2017],[74.124702,23.20657],[74.133911,23.215179],[74.135101,23.22007],[74.139481,23.226822],[74.138657,23.230921],[74.138809,23.23638],[74.13652,23.244801],[74.136108,23.264721],[74.133781,23.269451],[74.12989,23.27272],[74.118561,23.27537],[74.113876,23.277349],[74.111069,23.285721],[74.106583,23.294123],[74.101662,23.29575],[74.089737,23.297993],[74.076523,23.298191],[74.048737,23.295061],[74.044472,23.296091],[74.049683,23.307091],[74.047699,23.31094],[74.041382,23.307001],[74.037598,23.30574],[74.035927,23.312611],[74.030067,23.319941],[74.032661,23.33235],[74.023613,23.332882],[74.003807,23.336201],[73.990776,23.337629],[73.986969,23.34124],[73.984467,23.349451],[73.98349,23.35984],[73.978897,23.36784],[73.971031,23.377138],[73.962471,23.38139],[73.956917,23.37764],[73.947296,23.37352],[73.94371,23.366341],[73.943832,23.3536],[73.942627,23.34594],[73.938896,23.341419],[73.927841,23.337881],[73.913986,23.335979],[73.90123,23.335913],[73.894272,23.337139],[73.894928,23.352581],[73.891182,23.358601],[73.87944,23.368111],[73.877083,23.37833],[73.86676,23.395771],[73.857437,23.404793],[73.836456,23.430691],[73.8368,23.44014],[73.83213,23.446751],[73.826889,23.44684],[73.794167,23.43557],[73.783066,23.43461],[73.777847,23.44232],[73.773956,23.445869],[73.770996,23.452578],[73.764717,23.458578],[73.760651,23.456812],[73.756592,23.44957],[73.75135,23.442461],[73.733986,23.424892],[73.728813,23.418291],[73.726143,23.412663],[73.720306,23.414841],[73.717216,23.41884],[73.713562,23.43368],[73.709602,23.44449],[73.704216,23.455782],[73.693947,23.4589],[73.681908,23.457081],[73.668709,23.451931],[73.660812,23.44725],[73.653206,23.440491],[73.638069,23.45034],[73.632751,23.452393],[73.640648,23.473042],[73.643822,23.49678],[73.644913,23.498739],[73.652588,23.500931],[73.658417,23.50412],[73.658447,23.514153],[73.657333,23.51618],[73.652199,23.521402],[73.637001,23.53113],[73.637131,23.548019],[73.63826,23.56255],[73.642868,23.56962],[73.649788,23.57534],[73.651207,23.58087],[73.648727,23.590679],[73.648041,23.59864],[73.649986,23.607693],[73.660736,23.622902],[73.650398,23.626881],[73.642258,23.631269],[73.632957,23.638531],[73.619019,23.651423],[73.608536,23.654308],[73.577271,23.655361],[73.570747,23.653511],[73.552979,23.63135],[73.54142,23.62265],[73.532242,23.613541],[73.526726,23.61062],[73.513489,23.616812],[73.510246,23.620689],[73.505692,23.628851],[73.501099,23.633831],[73.501373,23.635441],[73.508453,23.639391],[73.511627,23.645081],[73.500526,23.65073],[73.50721,23.65773],[73.507797,23.66263],[73.510941,23.673389],[73.511223,23.68008],[73.510353,23.69698],[73.508537,23.703331],[73.501923,23.70665],[73.485611,23.705009],[73.479271,23.708973],[73.476616,23.721031],[73.472893,23.72578],[73.462769,23.734308],[73.454933,23.739719],[73.451286,23.74884],[73.450821,23.75259],[73.43219,23.762081],[73.427658,23.76643],[73.420486,23.779331],[73.413498,23.781101],[73.408638,23.78359],[73.400009,23.783978],[73.393913,23.778461],[73.389847,23.76926],[73.3759,23.76667],[73.371338,23.77787],[73.367699,23.783649],[73.362648,23.78743],[73.36113,23.791651],[73.362831,23.79775],[73.370422,23.814381],[73.372673,23.821922],[73.37191,23.832083],[73.369522,23.838551],[73.359848,23.85463],[73.362076,23.86187],[73.366066,23.86907],[73.371246,23.875851],[73.376953,23.8888],[73.382378,23.895],[73.386497,23.905771],[73.396111,23.916792],[73.40226,23.918221],[73.407753,23.916121],[73.42012,23.923401],[73.42347,23.927601],[73.424683,23.931061],[73.420387,23.936449],[73.419128,23.953798],[73.421463,23.97467],[73.419579,23.98266],[73.413963,23.988432],[73.40506,23.990549],[73.410606,23.998331],[73.410812,24.00255],[73.409256,24.01585],[73.411469,24.025183],[73.411407,24.034842],[73.413757,24.051069],[73.40419,24.065201],[73.396591,24.072531],[73.385269,24.07958],[73.379791,24.08415],[73.374756,24.087082],[73.369629,24.08798],[73.369621,24.112492],[73.373466,24.128139],[73.360817,24.114092],[73.342766,24.115829],[73.335182,24.11511],[73.331886,24.10401],[73.334518,24.082569],[73.332497,24.073683],[73.326561,24.0625],[73.318459,24.056789],[73.311401,24.054611],[73.306816,24.051451],[73.297913,24.03677],[73.291031,24.027403],[73.282753,24.028818],[73.275307,24.028021],[73.263908,24.0201],[73.256378,24.01318],[73.252541,24.01112],[73.245827,24.01071],[73.242577,24.012798],[73.240326,24.018318],[73.235138,24.020111],[73.229401,24.024031],[73.229332,24.028118],[73.223267,24.032391],[73.208122,24.03948],[73.200638,24.04524],[73.198936,24.05146],[73.201088,24.05739],[73.209106,24.066641],[73.213669,24.075781],[73.214386,24.080191],[73.216721,24.08526],[73.220413,24.0893],[73.222649,24.09351],[73.223816,24.098221],[73.21579,24.1017],[73.212273,24.104141],[73.199997,24.108391],[73.197601,24.11079],[73.193863,24.105183],[73.191902,24.106548],[73.186867,24.1077],[73.17173,24.111322],[73.167557,24.116289],[73.161148,24.12006],[73.155472,24.121868],[73.147156,24.122551],[73.138466,24.128071],[73.123398,24.140301],[73.114166,24.13859],[73.116508,24.152861],[73.113037,24.157791],[73.10244,24.165199],[73.09095,24.17528],[73.082687,24.18498],[73.081306,24.191858],[73.081963,24.19665],[73.087227,24.2008],[73.091728,24.220881],[73.101196,24.22327],[73.106003,24.226151],[73.111206,24.231112],[73.106171,24.232389],[73.101936,24.234852],[73.100906,24.237711],[73.105759,24.24431],[73.106903,24.248953],[73.109879,24.25399],[73.116066,24.26259],[73.138947,24.28005],[73.143852,24.29948],[73.144958,24.307858],[73.151237,24.310793],[73.173302,24.30105],[73.180626,24.301491],[73.184799,24.309111],[73.18644,24.320183],[73.186127,24.326971],[73.187012,24.334949],[73.192947,24.343571],[73.197929,24.339771],[73.201401,24.334091],[73.21106,24.33423],[73.216446,24.35047],[73.225616,24.35648],[73.231476,24.36466],[73.210983,24.37542],[73.200729,24.366791],[73.190392,24.35577],[73.180176,24.35067],[73.169968,24.35067],[73.162003,24.35268],[73.154556,24.356428],[73.145317,24.36305],[73.137306,24.364441],[73.127388,24.36883],[73.118637,24.37574],[73.111198,24.386801],[73.10865,24.387463],[73.098259,24.385521],[73.084961,24.39447],[73.084427,24.39765],[73.088623,24.400089],[73.090721,24.408781],[73.093048,24.41313],[73.096733,24.41721],[73.106247,24.420321],[73.10833,24.426321],[73.108833,24.432411],[73.106598,24.44537],[73.107628,24.451811],[73.107193,24.45682],[73.098526,24.47261],[73.098923,24.491491],[73.094383,24.494728],[73.083817,24.49021],[73.07486,24.482691],[73.070061,24.480881],[73.067139,24.474583],[73.057281,24.472618],[73.053391,24.466492],[73.051041,24.46526],[73.033203,24.463711],[73.027199,24.465113],[73.021851,24.465113],[73.012787,24.482401],[73.006767,24.47628],[73.000343,24.470631],[72.998001,24.46804],[72.98912,24.457001],[72.981003,24.45105],[72.983246,24.440298],[72.989311,24.43273],[72.990616,24.420891],[72.979393,24.40564],[72.97245,24.40193],[72.964188,24.392221],[72.96328,24.383739],[72.966103,24.383032],[72.974617,24.38343],[72.981277,24.380051],[72.98748,24.375111],[72.992012,24.3682],[72.991463,24.363972],[72.977493,24.358841],[72.96537,24.351109],[72.961777,24.34877],[72.946022,24.339281],[72.933762,24.336189],[72.929031,24.332651],[72.923912,24.326323],[72.921097,24.32724],[72.915573,24.332809],[72.910027,24.3405],[72.900558,24.351448],[72.884293,24.360849],[72.868118,24.36581],[72.853676,24.366011],[72.83905,24.36478],[72.829247,24.364988],[72.815346,24.358191],[72.793251,24.360161],[72.772827,24.360741],[72.748718,24.357521],[72.739288,24.358841],[72.732536,24.361271],[72.717476,24.375551],[72.706642,24.391333],[72.693466,24.419281],[72.692642,24.44142],[72.697533,24.452631],[72.69725,24.457211],[72.693016,24.460161],[72.684608,24.4592],[72.674431,24.456963],[72.658638,24.45643],[72.63932,24.46146],[72.604126,24.469109],[72.588501,24.472502],[72.582382,24.477461],[72.574226,24.48814],[72.559143,24.49464],[72.551811,24.500328],[72.547722,24.505592],[72.544579,24.506851],[72.542137,24.504869],[72.518776,24.472992],[72.513878,24.46456],[72.511742,24.44739],[72.500557,24.450291],[72.504417,24.430891],[72.510002,24.418343],[72.507713,24.409931],[72.500999,24.407339],[72.487442,24.40542],[72.464676,24.40712],[72.463753,24.42095],[72.461273,24.426851],[72.457619,24.432852],[72.456238,24.438129],[72.446167,24.448261],[72.436676,24.46051],[72.438637,24.479073],[72.445587,24.487749],[72.448151,24.49332],[72.44561,24.49962],[72.44249,24.50425],[72.43602,24.505369],[72.426003,24.508329],[72.421112,24.508068],[72.39772,24.50028],[72.390526,24.49885],[72.386322,24.500511],[72.37088,24.528761],[72.374863,24.529951],[72.375237,24.531643],[72.374199,24.533541],[72.373909,24.537359],[72.368607,24.536518],[72.365463,24.539341],[72.36158,24.54331],[72.357933,24.552511],[72.34861,24.55349],[72.343277,24.55497],[72.340576,24.55751],[72.3349,24.55868],[72.333626,24.55584],[72.337013,24.544149],[72.332413,24.54244],[72.301826,24.54056],[72.29512,24.538441],[72.293388,24.539991],[72.29393,24.54491],[72.291916,24.550461],[72.291702,24.555281],[72.290039,24.558281],[72.285088,24.55743],[72.271683,24.550159],[72.250999,24.58016],[72.276711,24.59918],[72.279259,24.6],[72.293053,24.59709],[72.300331,24.600151],[72.304581,24.597273],[72.308907,24.59087],[72.314026,24.58539],[72.317848,24.584961],[72.325996,24.586861],[72.342216,24.593521],[72.345467,24.599451],[72.349152,24.60231],[72.348969,24.611992],[72.350113,24.61467],[72.353096,24.616249],[72.353783,24.618101],[72.347977,24.621323],[72.340202,24.62299],[72.331009,24.611881],[72.323738,24.60894],[72.315056,24.608871],[72.309326,24.611971],[72.306198,24.614971],[72.299698,24.616199],[72.293663,24.613201],[72.27475,24.622231],[72.274147,24.622143],[72.260597,24.620741],[72.254219,24.621389],[72.248932,24.620781],[72.242027,24.623341],[72.233627,24.63081],[72.229988,24.632881],[72.216377,24.620213],[72.210968,24.619011],[72.208282,24.61725],[72.21064,24.61257],[72.20697,24.61207],[72.201447,24.61615],[72.185898,24.60943],[72.175591,24.612711],[72.165398,24.6145],[72.161667,24.61581],[72.161011,24.61945],[72.15358,24.631109],[72.150726,24.634102],[72.14595,24.634871],[72.13475,24.633801],[72.125298,24.631639],[72.12101,24.631962],[72.116547,24.633369],[72.10186,24.643339],[72.090912,24.648691],[72.0849,24.652752],[72.08548,24.65872],[72.082397,24.66847],[72.092323,24.674761],[72.085251,24.697008],[72.079582,24.700338],[72.05249,24.70579],[72.040871,24.695471],[72.031616,24.691811],[72.007309,24.685982],[72.001091,24.68297],[71.99408,24.677551],[71.989876,24.667049],[71.993393,24.65671],[71.993248,24.65313],[71.990776,24.6514],[71.982826,24.65086],[71.979149,24.646961],[71.967407,24.637939],[71.962181,24.638451],[71.95079,24.63258],[71.947449,24.627581],[71.944191,24.62678],[71.939522,24.627602],[71.934509,24.62685],[71.928009,24.633812],[71.918793,24.6462],[71.917236,24.65089],[71.921379,24.652231],[71.924057,24.654482],[71.92598,24.65871],[71.925926,24.662083],[71.920082,24.667351],[71.912102,24.6696],[71.904167,24.669041],[71.893799,24.665751],[71.890953,24.67009],[71.881332,24.675671],[71.876472,24.675159],[71.871101,24.672218],[71.86496,24.66291],[71.862762,24.654753],[71.862556,24.649481],[71.867836,24.63002],[71.868683,24.62348],[71.8647,24.619551],[71.860931,24.614059],[71.858391,24.60417],[71.855537,24.606091],[71.846573,24.614861],[71.838608,24.616381],[71.821411,24.616581],[71.815536,24.618328],[71.811768,24.62182],[71.811531,24.625931],[71.812592,24.632521],[71.817383,24.64588],[71.815086,24.65468],[71.812927,24.660879],[71.809128,24.66592],[71.804596,24.66906],[71.798988,24.670521],[71.790947,24.67012],[71.784508,24.668859],[71.758308,24.660271],[71.745773,24.65428],[71.737343,24.65344],[71.716316,24.654329],[71.685997,24.639841],[71.669777,24.636551],[71.66156,24.633261],[71.650276,24.639931],[71.651222,24.64316],[71.648361,24.64641],[71.644943,24.65254],[71.640572,24.65608],[71.634163,24.658051],[71.630737,24.66256],[71.627113,24.66193],[71.623383,24.664249],[71.620819,24.666983],[71.618332,24.668362],[71.616592,24.670681],[71.610039,24.668541],[71.604866,24.665531],[71.597832,24.663851],[71.592453,24.665588],[71.589653,24.67017],[71.583099,24.676531],[71.577179,24.677401],[71.568443,24.673521],[71.551422,24.670631],[71.54364,24.67358],[71.536972,24.678921],[71.527313,24.67716],[71.522751,24.675261],[71.520927,24.675489],[71.51619,24.67635],[71.503532,24.673809],[71.488319,24.673851],[71.474243,24.6632],[71.466881,24.660763],[71.458893,24.66128],[71.451469,24.65884],[71.445312,24.653971],[71.432419,24.64616],[71.42897,24.642561],[71.42231,24.638102],[71.412956,24.635311],[71.407036,24.63467],[71.402802,24.631531],[71.399628,24.626961],[71.394516,24.62701],[71.389771,24.62822],[71.388351,24.62394],[71.383057,24.621681],[71.380737,24.621382],[71.375183,24.623051],[71.372696,24.625761],[71.367653,24.62726],[71.367027,24.631901],[71.361969,24.641609],[71.356712,24.654051],[71.351036,24.653219],[71.342766,24.64823],[71.326492,24.642929],[71.32164,24.64032],[71.317772,24.63592],[71.310066,24.62109],[71.307457,24.619871],[71.297737,24.607641],[71.287148,24.612711],[71.260956,24.620531],[71.252983,24.623631],[71.241547,24.62661],[71.237892,24.62851],[71.207329,24.639549],[71.197098,24.642929],[71.171646,24.648861],[71.146736,24.65801],[71.119278,24.66865],[71.113342,24.67363],[71.10714,24.680651],[71.100403,24.683338],[71.086517,24.69783],[71.077034,24.707661],[71.072853,24.712],[71.071777,24.714874],[71.062767,24.73893],[71.062317,24.739719],[71.060951,24.74218],[71.05381,24.75551],[71.050293,24.760641],[71.035309,24.798771],[71.023567,24.82118],[71.012436,24.835871],[71.011116,24.838541],[71.00956,24.84165],[71.003998,24.852892],[70.989571,24.872471],[70.985321,24.87719],[70.978653,24.889723],[70.961906,24.908241],[70.956253,24.91441],[70.945488,24.934542],[70.93261,24.973471],[70.925606,24.994711],[70.914673,25.041552],[70.913727,25.045521],[70.912033,25.05789],[70.90538,25.095032],[70.900131,25.119692],[70.89431,25.144058],[70.884567,25.15358],[70.874779,25.163219],[70.860802,25.175751],[70.855972,25.18219],[70.854233,25.183771],[70.809349,25.223761],[70.796188,25.239773],[70.795601,25.240271],[70.793533,25.24206],[70.766449,25.26495],[70.759056,25.27496],[70.753548,25.296301],[70.744263,25.320961],[70.732269,25.334763],[70.723152,25.34515],[70.705902,25.36009],[70.701942,25.3641],[70.68705,25.37829],[70.678711,25.385351],[70.676682,25.3871],[70.67572,25.387114],[70.675629,25.387194],[70.674171,25.38932],[70.67366,25.394951],[70.676262,25.401081],[70.678993,25.411751],[70.679741,25.41651],[70.679573,25.447451],[70.682907,25.47352],[70.684998,25.489523],[70.685211,25.503403],[70.685966,25.51066],[70.685539,25.511202],[70.687866,25.517349],[70.687737,25.51823],[70.685516,25.519211],[70.676216,25.52387],[70.676521,25.531071],[70.67662,25.53256],[70.675858,25.533091],[70.676857,25.53335],[70.676933,25.535183],[70.676941,25.536146],[70.677277,25.58869],[70.677353,25.59049],[70.679352,25.614031],[70.679863,25.61981],[70.679947,25.622038],[70.680359,25.632553],[70.680901,25.64642],[70.681107,25.65214],[70.681137,25.660761],[70.67614,25.68029],[70.673286,25.685356],[70.672928,25.686001],[70.665962,25.697229],[70.660797,25.70112],[70.659218,25.70175],[70.658913,25.701918],[70.655426,25.703781],[70.648857,25.7059],[70.646866,25.706541],[70.643959,25.706581],[70.642479,25.705879],[70.638428,25.706751],[70.630859,25.70672],[70.61705,25.706631],[70.601707,25.703251],[70.574707,25.69058],[70.565796,25.68639],[70.537056,25.67701],[70.536232,25.676731],[70.532776,25.676189],[70.490303,25.675961],[70.470352,25.67437],[70.45977,25.67347],[70.425339,25.669571],[70.408798,25.666271],[70.399658,25.663799],[70.394432,25.664141],[70.392296,25.6646],[70.375206,25.668461],[70.365677,25.6717],[70.285263,25.698931],[70.279617,25.70126],[70.275948,25.703421],[70.272316,25.708731],[70.269646,25.716516],[70.267265,25.723454],[70.260788,25.74231],[70.246399,25.763489],[70.244507,25.76627],[70.244133,25.766668],[70.242493,25.768381],[70.236206,25.774946],[70.223793,25.78791],[70.206718,25.802292],[70.203217,25.805241],[70.177963,25.8195],[70.171448,25.832289],[70.166321,25.84236],[70.165367,25.844231],[70.161507,25.848871],[70.154739,25.858749],[70.153923,25.860275],[70.14502,25.868523],[70.141663,25.87538],[70.106682,25.92421],[70.097374,25.941866],[70.096077,25.944317],[70.091301,25.965158],[70.09111,25.983738],[70.090981,25.996822],[70.086563,26.031208],[70.080452,26.058237],[70.082573,26.073858],[70.086044,26.08215],[70.094276,26.097363],[70.126389,26.139385],[70.137283,26.154898],[70.145195,26.166155],[70.159416,26.194489],[70.161636,26.201851],[70.167259,26.223875],[70.172668,26.245077],[70.172226,26.248329],[70.170761,26.259064],[70.166817,26.272573],[70.165245,26.277149],[70.164604,26.290916],[70.16674,26.306997],[70.178307,26.349771],[70.177902,26.365835],[70.179337,26.375256],[70.17849,26.38443],[70.178047,26.404163],[70.175995,26.433296],[70.181,26.469599],[70.183899,26.486834],[70.182259,26.498526],[70.178543,26.514103],[70.172737,26.534945],[70.167801,26.55056],[70.16774,26.550743],[70.160515,26.558954],[70.150223,26.568285],[70.138931,26.574396],[70.10688,26.589521],[70.08844,26.59557],[70.066193,26.599291],[70.047821,26.599136],[70.040413,26.599533],[70.024849,26.598711],[70,26.594498],[69.996315,26.593872],[69.954781,26.587303],[69.918343,26.582603],[69.910942,26.582306],[69.879311,26.581085],[69.855553,26.58292],[69.831757,26.587734],[69.815361,26.592157],[69.794838,26.599983],[69.771942,26.613747],[69.743271,26.638464],[69.72187,26.653843],[69.698982,26.66507],[69.689751,26.667952],[69.676659,26.672626],[69.608307,26.70031],[69.601845,26.705055],[69.592102,26.707237],[69.580536,26.71192],[69.574608,26.715525],[69.550446,26.724646],[69.522415,26.736012],[69.51545,26.740055],[69.511353,26.744467],[69.507652,26.748451],[69.487511,26.793655],[69.484436,26.803888],[69.483734,26.806231],[69.483879,26.807638],[69.485512,26.823469],[69.495743,26.872492],[69.500938,26.900331],[69.503593,26.943291],[69.512878,27.014381],[69.513206,27.016869],[69.537262,27.069273],[69.540207,27.077572],[69.542618,27.083349],[69.556786,27.117254],[69.564835,27.137589],[69.565186,27.138475],[69.578125,27.165489],[69.586662,27.177984],[69.600609,27.189398],[69.60363,27.193106],[69.665947,27.251436],[69.698708,27.277739],[69.700134,27.278671],[69.724678,27.294777],[69.793877,27.346462],[69.812546,27.359612],[69.832535,27.378763],[69.848816,27.392927],[69.861969,27.402779],[69.907623,27.459578],[69.921135,27.479399],[69.936249,27.502108],[70,27.545042],[70.016266,27.555996],[70.024567,27.569691],[70.051422,27.63534],[70.08313,27.708366],[70.107811,27.766872],[70.156952,27.834049],[70.180786,27.855145],[70.181274,27.855579],[70.207169,27.884899],[70.207596,27.885384],[70.281334,27.930424],[70.30291,27.946173],[70.321877,27.96489],[70.332893,27.977123],[70.336464,27.983114],[70.366165,28.008249],[70.4086,28.017286],[70.432358,28.021549],[70.459717,28.029503],[70.479088,28.033737],[70.483757,28.034012],[70.509834,28.035543],[70.530334,28.032488],[70.56263,28.019802],[70.582321,28.002659],[70.598763,27.988342],[70.604111,27.98345],[70.611626,27.976568],[70.611748,27.976461],[70.616074,27.972502],[70.628258,27.961355],[70.650864,27.939856],[70.660698,27.930502],[70.672104,27.914318],[70.672844,27.869793],[70.675774,27.850981],[70.678413,27.839052],[70.687943,27.82189],[70.689354,27.819351],[70.698181,27.807678],[70.703117,27.80035],[70.704384,27.796478],[70.705215,27.793934],[70.714317,27.779503],[70.714844,27.776287],[70.721588,27.768967],[70.725754,27.76026],[70.737953,27.742167],[70.740738,27.738949],[70.740807,27.738869],[70.751434,27.726601],[70.757668,27.717209],[70.767212,27.714943],[70.769043,27.714832],[70.769676,27.714491],[70.788818,27.710011],[70.801338,27.70812],[70.818993,27.704269],[70.841377,27.703331],[70.857933,27.702209],[70.869583,27.700701],[70.871376,27.700201],[70.883453,27.698502],[70.884171,27.6984],[70.897957,27.70023],[70.90686,27.70064],[70.949951,27.71884],[70.951752,27.719591],[70.961563,27.722721],[70.969696,27.726549],[70.984337,27.734221],[71.033989,27.757261],[71.055931,27.76391],[71.070473,27.768341],[71.087013,27.776793],[71.125061,27.792252],[71.139946,27.7983],[71.173691,27.811991],[71.183792,27.814411],[71.208656,27.82435],[71.230133,27.828781],[71.233795,27.830004],[71.242676,27.83297],[71.255219,27.837049],[71.272957,27.841928],[71.325783,27.851749],[71.341896,27.854721],[71.38105,27.861931],[71.409729,27.865789],[71.412636,27.865208],[71.418762,27.863981],[71.447876,27.866053],[71.49971,27.86557],[71.523628,27.865351],[71.5308,27.865301],[71.549057,27.86623],[71.586578,27.8703],[71.604469,27.868151],[71.620773,27.868389],[71.644432,27.868731],[71.658287,27.868931],[71.66394,27.87265],[71.680992,27.877239],[71.698036,27.882563],[71.719917,27.891571],[71.743446,27.90062],[71.759628,27.907303],[71.76561,27.909941],[71.826286,27.930481],[71.858513,27.941401],[71.893112,27.955111],[71.896301,27.956841],[71.897377,27.95742],[71.901543,27.96899],[71.90361,27.983433],[71.905479,27.997452],[71.908676,28.013931],[71.911949,28.02615],[71.912537,28.034679],[71.913162,28.038328],[71.912361,28.048071],[71.917603,28.06517],[71.920219,28.07555],[71.922073,28.0914],[71.925308,28.10545],[71.92791,28.11462],[71.930573,28.12195],[71.933258,28.12686],[71.942657,28.139738],[71.953476,28.15267],[71.966042,28.16526],[71.974846,28.178221],[71.99588,28.206957],[72.00544,28.215401],[72.019112,28.226631],[72.02536,28.23111],[72.044273,28.243462],[72.066261,28.26083],[72.09079,28.2785],[72.092537,28.279543],[72.093758,28.28027],[72.098137,28.28285],[72.108566,28.28989],[72.126129,28.303501],[72.136337,28.314859],[72.150925,28.331093],[72.156128,28.336882],[72.184425,28.358006],[72.198029,28.381386],[72.202286,28.38526],[72.203583,28.388451],[72.207108,28.396984],[72.208847,28.399982],[72.235771,28.474836],[72.243248,28.496355],[72.244377,28.505756],[72.249359,28.510767],[72.253418,28.527033],[72.279617,28.601421],[72.285507,28.618818],[72.301956,28.664816],[72.326286,28.698893],[72.344353,28.71604],[72.34639,28.720478],[72.365791,28.741871],[72.375061,28.752108],[72.378349,28.755741],[72.384697,28.763941],[72.389969,28.768015],[72.402733,28.77788],[72.409576,28.780849],[72.430931,28.78857],[72.446571,28.793159],[72.459221,28.799221],[72.468117,28.802521],[72.48481,28.810421],[72.50383,28.82029],[72.519852,28.828609],[72.544174,28.84358],[72.551598,28.84815],[72.587929,28.866011],[72.590126,28.86735],[72.591537,28.86805],[72.643517,28.899101],[72.65065,28.903351],[72.658417,28.9069],[72.66658,28.911921],[72.668388,28.912821],[72.671776,28.91379],[72.674522,28.9163],[72.711296,28.93503],[72.74144,28.948299],[72.78582,28.96537],[72.789703,28.966862],[72.844017,28.987722],[72.845436,28.988319],[72.845993,28.98856],[72.848808,28.989901],[72.861977,28.996231],[72.887741,29.0037],[72.898987,29.00939],[72.912796,29.014381],[72.928207,29.019939],[72.935516,29.022949],[72.939438,29.025242],[72.940697,29.026279],[72.941719,29.027201],[72.943756,29.029911],[72.950539,29.045919],[72.953613,29.053171],[72.958069,29.06111],[72.960617,29.06811],[72.975708,29.09918],[72.978783,29.107071],[72.983353,29.11389],[72.983978,29.114782],[72.985077,29.116348],[72.985657,29.117649],[72.98587,29.11857],[72.999817,29.146523],[73.000031,29.147366],[73.015709,29.16433],[73.02034,29.16818],[73.024162,29.174021],[73.031807,29.183422],[73.035538,29.188011],[73.036644,29.188868],[73.040138,29.19157],[73.055168,29.207142],[73.056366,29.208509],[73.078461,29.2334],[73.079468,29.234831],[73.084343,29.241924],[73.089272,29.24909],[73.092293,29.253773],[73.098442,29.265751],[73.101532,29.27253],[73.109436,29.28274],[73.109917,29.28467],[73.112213,29.28933],[73.113922,29.29213],[73.1147,29.29269],[73.11525,29.293562],[73.11525,29.29468],[73.137016,29.329309],[73.139572,29.335421],[73.146866,29.34989],[73.151016,29.357248],[73.157356,29.367811],[73.169006,29.386],[73.169823,29.38755],[73.171036,29.389431],[73.191292,29.42857],[73.202362,29.44191],[73.221642,29.479431],[73.22316,29.480341],[73.223816,29.482],[73.227516,29.48662],[73.228157,29.48834],[73.23243,29.492998],[73.238106,29.506111],[73.242958,29.51248],[73.247597,29.520861],[73.262138,29.541201],[73.263412,29.543161],[73.271317,29.556961],[73.274887,29.566669],[73.28392,29.597683],[73.285973,29.604639],[73.297607,29.633551],[73.312027,29.68622],[73.312576,29.687611],[73.314789,29.69145],[73.315231,29.692991],[73.316078,29.694481],[73.317329,29.698952],[73.325462,29.72772],[73.326691,29.731068],[73.327728,29.732201],[73.333679,29.749691],[73.335716,29.757591],[73.340309,29.76885],[73.345688,29.792049],[73.349571,29.805161],[73.354309,29.81761],[73.358696,29.83614],[73.365822,29.85284],[73.371468,29.874001],[73.385399,29.92602],[73.391373,29.93787],[73.399246,29.943411],[73.407387,29.946886],[73.412804,29.9492],[73.466942,29.969078],[73.533295,29.993635],[73.539856,29.99538],[73.546852,29.998653],[73.561768,30.00563],[73.579582,30.011721],[73.599487,30.018539],[73.611183,30.022409],[73.653397,30.0312],[73.67189,30.03693],[73.678436,30.03896],[73.70916,30.047121],[73.753983,30.05654],[73.787216,30.066401],[73.794083,30.069658],[73.800461,30.076391],[73.80632,30.0825],[73.837708,30.108702],[73.848427,30.116091],[73.854301,30.12026],[73.872559,30.132311],[73.883492,30.138851],[73.8955,30.14941],[73.903923,30.155001],[73.92347,30.167898],[73.957962,30.185747],[73.966316,30.195049],[73.966408,30.194494],[73.968109,30.184299],[73.966438,30.177031],[73.963371,30.171829],[73.960823,30.14323],[73.961182,30.13423],[73.962471,30.127501],[73.963936,30.12438],[73.966652,30.121189],[73.957947,30.11956],[73.949989,30.109791],[73.944107,30.104231],[73.942917,30.099091],[73.931526,30.083811],[73.918213,30.06815],[73.908546,30.06011],[73.898407,30.05365],[73.894806,30.04685],[73.892616,30.03853],[73.885513,30.017429],[73.881866,30.01124],[73.881126,29.996281],[73.883026,29.991291],[73.888496,29.981779],[73.889442,29.97761]]]}}